72
--
1 1 1 1
2 0.5 8 0.25
3 0.46410161513775 10.0037023329767 0.29988897111729
4 0.44948974278318 11.0113519212622 0.36326148038882
5 0.41421356237309 14.0710678118655 0.35533905932738
6 0.41421356237309 14.0710678118655 0.42640687119285
7 0.38591355739947 17.3992245210707 0.40231678093026
8 0.37802484480059 18.5113873584423 0.43216641978763
9 0.36602540378443 20.392304845414  0.4413429510899
10 0.35304943023557 22.7244538908291 0.44005457944297
11 0.34457651675526 24.4423506663766 0.45003854785259
12 0.34457651675526 24.4423506663766 0.49095114311192
13 0.33333333333333 27.0000000000001 0.48148148148148
14 0.323504674182   29.536451631362  0.47399058542072
15 0.31830482310709 31.0077562964672 0.48374993200359
16 0.31097592332001 33.2521477942569 0.48117192606618
17 0.30569396164892 35.0057526165802 0.4856344666033
18 0.30129658859541 36.5609402987375 0.49232869430936
19 0.29533233363863 38.8210259611013 0.48942549893035
20 0.28789082554863 41.9098903667117 0.47721432399369
21 0.28683281804471 42.3753678048232 0.49557091980237
22 0.27934262382819 45.8762991160333 0.4795504524974
23 0.27567069944866 47.7340381093175 0.4818364611711
24 0.27134130609415 50.0555533334826 0.47946727988613
25 0.27119182792739 50.1383692938566 0.49862012570607
26 0.2668512701464  52.6250082783373 0.49406167999982
27 0.26223207986791 55.4552338991105 0.4868792015037
28 0.26030547410621 56.6956966847224 0.49386464294997
29 0.25792546138102 58.2797059320621 0.49760031448693
30 0.25533055720185 60.0747014289906 0.49937826217015
31 0.25311620509645 61.6652005380445 0.50271465477315
32 0.25078744743069 63.3990301988685 0.50473958197189
33 0.24876233348876 64.9600176087918 0.50800478840286
34 0.24705266095044 66.3179956888765 0.51268135664876
35 0.24483365497658 68.1375717182541 0.51366667636357
36 0.24313216230594 69.5781316168686 0.51740394810015
37 0.24068655495803 71.720698039032  0.51589012672275
38 0.2405193717408  71.8703595825805 0.52872978820062
39 0.23674523867649 75.3626636196875 0.51749763247237
40 0.23499923235923 77.0549723844159 0.51910991286125
41 0.232755979195   79.3044324220827 0.5169950625431
42 0.2321186140128  79.959504440113  0.52526588670214
43 0.22973295380201 82.4764786278389 0.52136076509801
44 0.2281630312874  84.1907087811985 0.52262299055292
45 0.22691155306294 85.5914088779306 0.52575370110075
46 0.22516819585619 87.5949069767564 0.52514468691891
47 0.22350703445493 89.5625419572831 0.52477295723045
48 0.22240593799382 90.8993683258719 0.52805647480323
49 0.22127817658758 92.2962907843682 0.53089890810974
50 0.21975827547335 94.2245961976693 0.53064700744493
51 0.21855027568504 95.7956798776842 0.5323830893535
52 0.21693040245401 97.957734860568  0.53084118445589
53 0.21628805471492 98.8330950964106 0.5362576164219
54 0.21492066099405 100.731545493933 0.53607834303756
55 0.21344168404441 102.840051051925 0.53481109195706
56 0.21306786757613 103.382283787516 0.54167888296121
57 0.21130935548232 105.984858390792 0.53781267310682
58 0.21048009901801 107.242488218402 0.54083042051283
59 0.20975944654565 108.35162141196  0.54452346195797
60 0.20942699228669 108.868448361791 0.55112386465368
61 0.20910865861128 109.366408787808 0.55775809662317
62 0.20673915205972 113.170128223631 0.547847748988
63 0.20595491501896 114.467847972845 0.55037288737136
64 0.20408715339743 117.639452718752 0.54403517290249
65 0.2030760340129  119.405403435592 0.54436397457559
66 0.20210875393812 121.128022308494 0.54487804508117
67 0.20121662585555 122.746301034356 0.54584129570835
68 0.20000222617386 124.995826016937 0.54401816578088
69 0.1992815319772  126.356864485717 0.546072429708
70 0.19868872794589 127.491230281606 0.54905737316506
71 0.1972221241673  130.356623823648 0.54465970287825
72 0.19628591045334 132.230798275333 0.54450249820076
--
           1       1.0000000    20030609
           1       0.000000        0.000000        0.000000

           2       0.5000000    20030609
           1       0.0000000       0.0000000       0.5000000
           2       0.0000000       0.0000000      -0.5000000

           3  0.464101615137755
  1  0.535898384862245  0.000000000000000  0.000000000000000
  2 -0.267949192431123  0.464101615137755  0.000000000000000
  3 -0.267949192431123 -0.464101615137755  0.000000000000000

           4  0.449489742783178
  1 -0.259513071844440 -0.449489717994115 -0.183503412121860
  2  0.519026049065596 -0.000000059957606 -0.183503416023477
  3 -0.259512973987419  0.449489767572236 -0.183503429071485
  4 -0.000000003233737  0.000000010379483  0.550510257216822

           5  0.414213562373095
  1  0.000000000001022  0.000000001156250 -0.585786437626905
  2 -0.292906542376538 -0.507298243581270 -0.000000001001838
  3  0.585786208740948 -0.000517838320707  0.000000000000000
  4 -0.292906767272834  0.507298113729391  0.000000001000815
  5 -0.000000000001023 -0.000000001156250  0.585786437626905

           6  0.414213562373095
  1  0.000000005399875  0.000000006096850 -0.585786437626905
  2  0.000000000185760 -0.585786437626905 -0.000000006096850
  3 -0.585786437626905 -0.000000000185760 -0.000000005399875
  4  0.585786437626905  0.000000000185760  0.000000005399875
  5 -0.000000000185760  0.585786437626905  0.000000006096850
  6 -0.000000005399875 -0.000000006096850  0.585786437626905

           7  0.385913557399473
  1  0.222807460550904 -0.385913481918051 -0.422527844032217
  2 -0.445614573310150 -0.000000175866140 -0.422527881966803
  3  0.222807170319771  0.385913632880841 -0.422527859195791
  4 -0.300187268523518 -0.519940039702849  0.129043085502322
  5  0.600374910494979  0.000000228294966  0.129043116181623
  6 -0.300187659550867  0.519939819013546  0.129043065072494
  7 -0.000000027885450  0.000000012064537  0.614086442600526

           8  0.378024844800586
  1 -0.378024926878978 -0.378024806866870 -0.317879684372474
  2  0.378024762722181 -0.378024944670528 -0.317879715711806
  3 -0.378024789075323  0.378024882734286 -0.317879758027500
  4  0.378024900525835  0.378024744930628 -0.317879789366832
  5 -0.000000084265328 -0.534607831462839  0.317879788951622
  6 -0.534607849254392  0.000000128410024  0.317879759029907
  7  0.534607875607536 -0.000000066473779  0.317879714709398
  8  0.000000110618471  0.534607893399083  0.317879684787684

           9  0.366025403784434
  1  0.211324919700475 -0.366025373071777 -0.472536763890327
  2 -0.422649680133210  0.000000024445871 -0.472536809709025
  3  0.211324912464434  0.366025434497091 -0.472536719546539
  4 -0.316987292680581 -0.549038108810054 -0.000000067253062
  5  0.633974596215562  0.000000006266591  0.000000067990669
  6 -0.316987303534895  0.549038102543317 -0.000000000737605
  7  0.211324818345971 -0.366025430319168  0.472536764873803
  8 -0.422649781487713 -0.000000032801520  0.472536719054802
  9  0.211324811109930  0.366025377249699  0.472536809217290

          10  0.353049430235565
  1  0.318882141341855 -0.069138779337131 -0.558640357335139
  2 -0.374814058698766  0.058018487782291 -0.524111930980150
  3 -0.325086384052286 -0.538824846165967 -0.150105522138791
  4  0.438697722059070  0.462632452908421 -0.109820589575215
  5 -0.254998478712575  0.589789714070003 -0.075292155966099
  6  0.369996910522742 -0.530058510452049 -0.026178262346994
  7 -0.632455159965916  0.030477762483981  0.132727602046389
  8  0.489812476464514  0.001712723025426  0.422641507897728
  9 -0.083963748879596 -0.402592097225947  0.499414388570619
 10 -0.136269213313797  0.299192658382194  0.557188921633912

          11  0.344576516755255
  1 -0.181154535388711 -0.557536556061484 -0.293114253068447
  2  0.474268931382078 -0.344576506280074 -0.293114234444856
  3 -0.586228568188176 -0.000000071561758 -0.293114326208580
  4  0.474268878071248  0.344576527230433 -0.293114296074975
  5 -0.181154621647446  0.557536475608611 -0.293114352788077
  6  0.181154621647446 -0.557536475608611  0.293114352788077
  7 -0.474268878071248 -0.344576527230432  0.293114296074975
  8  0.586228568188176  0.000000071561758  0.293114326208580
  9 -0.474268931382078  0.344576506280075  0.293114234444854
 10  0.181154535388711  0.557536556061484  0.293114253068447
 11 -0.000000037668351  0.000000058613725  0.655423483244740

          12  0.344576516755255
  1 -0.000000053413836 -0.000000044621442 -0.655423483244740
  2 -0.181154704623225 -0.557536508051328 -0.293114239796495
  3  0.474268811230695 -0.344576609332293 -0.293114307708712
  4 -0.586228608921362  0.000000069810075 -0.293114244742206
  5  0.474268916756236  0.344576424178209 -0.293114354626481
  6 -0.181154533879313  0.557536523618759 -0.293114315711040
  7  0.181154533879312 -0.557536523618759  0.293114315711040
  8 -0.474268916756237 -0.344576424178209  0.293114354626481
  9  0.586228608921362 -0.000000069810075  0.293114244742206
 10 -0.474268811230695  0.344576609332293  0.293114307708712
 11  0.181154704623225  0.557536508051328  0.293114239796495
 12  0.000000053413836  0.000000044621443  0.655423483244741

          13  0.333333333333333
  1 -0.000070998815798 -0.000005560663499 -0.666666662862852
  2 -0.184273763669020 -0.567104158597683 -0.298128324331843
  3  0.482401099870031 -0.350493177757963 -0.298141167291191
  4 -0.596343845795264 -0.000022877791848 -0.298024263279293
  5  0.482326151451980  0.350363917328204 -0.298414231403936
  6 -0.184272548445118  0.567103656272574 -0.298130030986924
  7  0.000000000000000  0.000000000000000  0.000000000000000
  8  0.184241177452589 -0.567097520996929  0.298161088431179
  9 -0.482404802195943 -0.350487719732367  0.298141593172679
 10  0.596236953290593 -0.000018337625111  0.298238058669458
 11 -0.482641375963473  0.350268310738867  0.298016538374417
 12  0.184262272798761  0.567101475888716  0.298140529469443
 13 -0.000135987657896 -0.000010037080285  0.666666652721627

          14  0.323504674182003
  1  0.000000008313474 -0.457504697992871 -0.498332596934018
  2 -0.457504688090739  0.000000001044991 -0.498332606025928
  3  0.457504707367877 -0.000000001538951 -0.498332588328147
  4  0.000000010930540  0.457504697462269 -0.498332597422198
  5 -0.476408612458588 -0.476408610922762 -0.060955682815671
  6  0.476408612087727 -0.476408613647110 -0.060955664421618
  7 -0.476408609729237  0.476408613587153 -0.060955683323375
  8  0.476408614777912  0.476408610896443 -0.060955664894326
  9  0.000000000000000  0.000000000000000  0.000000000000000
 10 -0.000000008711388 -0.568234184902239  0.367091047237719
 11 -0.568234192166382  0.000000001823313  0.367091035993276
 12  0.568234177996321 -0.000000001422233  0.367091057927650
 13 -0.000000005495478  0.568234185260464  0.367091046683209
 14 -0.000000013056679  0.000000000330078  0.676495325817996

          15  0.318304823107090
  1  0.024248819183172  0.230600683526781 -0.641048854397430
  2 -0.321622975542437 -0.291274396142433 -0.525762495766049
  3  0.270380180019791 -0.485412454886913 -0.394940022145363
  4  0.573749041516557  0.073221557994379 -0.360775491133700
  5 -0.364972227922269  0.526393231385605 -0.233267556672442
  6  0.265241726455688  0.600826952341113 -0.182652988167046
  7 -0.676894121575681 -0.007107710445821 -0.080449629132516
  8 -0.210271978786036 -0.648367889631112 -0.010634323286274
  9  0.000000000000000  0.000000000000000  0.000000000000000
 10  0.364972227922263 -0.526393231385610  0.233267556672440
 11  0.621924373906030  0.054648647735820  0.273736940585835
 12 -0.435901214303176  0.363118558368526  0.377946237097863
 13  0.185435218535552  0.487695679740162  0.438719748687596
 14 -0.437561284509671 -0.269642841592107  0.447818238212151
 15  0.141272215100213 -0.108306787008392  0.658042639444931

          16  0.310975923320006
  1 -0.034233079617751 -0.274567472358359 -0.631026923060612
  2 -0.077892848346856  0.344593428063725 -0.591559170122839
  3  0.505126124000080  0.224227032991231 -0.411489993527574
  4  0.482073889253594 -0.387802074752905 -0.303263077808646
  5 -0.545390246806742 -0.315324656136561 -0.279059165988172
  6 -0.525013840467984  0.414619342895231 -0.164940734989580
  7 -0.050847075869723 -0.670245747265750 -0.151457556405722
  8  0.029501881356792  0.683576451852348 -0.081283772759879
  9  0.000000000000000  0.000000000000000  0.000000000000000
 10  0.673906633178172 -0.000000082760178  0.143541032472153
 11 -0.636676419305117 -0.023251285877771  0.262405588832561
 12  0.355150583555002 -0.512828057640246  0.292625399687368
 13 -0.255612270964721 -0.492637360376040  0.408319698690503
 14  0.330507985230839  0.445862773551676  0.408319773099682
 15 -0.290865438203251  0.472680084914300  0.408319742884126
 16 -0.000000034921650 -0.000000032819845  0.689024076679929

          17  0.305693961648916
  1 -0.275503903985298 -0.037443186738020 -0.636204748132657
  2  0.235073314294425  0.294647240747118 -0.583081825576411
  3  0.413821837164835 -0.281123985541232 -0.481437084913190
  4 -0.115849608073690 -0.569237513218096 -0.380274107382065
  5 -0.439725974476222  0.445916267298974 -0.299767618030805
  6 -0.664564534353384 -0.107580217558992 -0.169827416387000
  7  0.653834689367964  0.175839415619187 -0.153758166562224
  8  0.099102709474232  0.675774920684650 -0.124770927861003
  9  0.000000000000000  0.000000000000000  0.000000000000000
 10  0.335864948627813 -0.606922819980031  0.030005028908848
 11 -0.397177246665106 -0.545942614694367  0.162042497768270
 12 -0.325135103659212  0.538663621893009  0.293580554036528
 13  0.413924145269611  0.439405207224510  0.343002537479802
 14  0.575877800829420 -0.149959418803075  0.357683947242381
 15 -0.549973663519610 -0.014832862963108  0.423520755691988
 16  0.063001222897095 -0.424479546719018  0.545810255694654
 17 -0.022570633193771  0.167275492743806  0.673476318021150

          18  0.301296588595412
  1  0.243205853895879 -0.301056111696207 -0.581723806758452
  2 -0.243205756246459  0.301056121148511 -0.581723842691710
  3 -0.356769098509013 -0.288213128930067 -0.527100995796645
  4  0.356769186989306  0.288213137494819 -0.527100931225501
  5 -0.031962171476397 -0.670645857701399 -0.193388237105769
  6  0.662380170973427 -0.109726870037510 -0.193388159413631
  7 -0.662380131175636  0.109726891273191 -0.193388283677365
  8  0.031962148969984  0.670645871712361 -0.193388192237262
  9  0.000000000000000  0.000000000000000  0.000000000000000
 10 -0.543139237609244 -0.438770740333835  0.025815946710430
 11  0.543139211139990  0.438770769003243  0.025816016325919
 12  0.425661108182634 -0.526911284443080  0.171358035748792
 13 -0.425661153828417  0.526911248783628  0.171358032012353
 14 -0.114287282052170 -0.531539334475114  0.438851693263926
 15 -0.543687069194663 -0.000000081494030  0.438851715160052
 16  0.543687073753610  0.000000039353069  0.438851709512044
 17  0.114287215279887  0.531539321349386  0.438851727916912
 18  0.000000003629188 -0.000000022019287  0.698703411404587

          19  0.295332333638629
  1  0.198550332365568 -0.102150635309314 -0.668355843274079
  2 -0.343618212373129  0.122887072859835 -0.602811588091158
  3  0.321395421886175  0.433874619495466 -0.452785067513773
  4 -0.079806222349605 -0.560130892795766 -0.420048651736062
  5 -0.218647095051075  0.605647641070088 -0.286253214317576
  6  0.604023361963000 -0.248460417765252 -0.264536800881615
  7 -0.583641605747228 -0.295508938637930 -0.261903538046093
  8 -0.650023370919889  0.261222426563083 -0.076085354264923
  9  0.000000000000000  0.000000000000000  0.000000000000000
 10  0.649907153761498  0.272145096455539  0.010689152445988
 11  0.284839293857272 -0.643465297184290  0.037087841802996
 12  0.216804751683970  0.661585519121555  0.108889028607543
 13 -0.297085343631522 -0.624235680262414  0.136479427394172
 14  0.583831117493809 -0.223404829620511  0.325250716161149
 15 -0.317897982480051  0.537258131624945  0.326880854063321
 16 -0.598322764297079 -0.157521136062503  0.337273600218528
 17  0.359967687593698  0.280550169189044  0.536909104367147
 18  0.079550683694712 -0.433696894983645  0.549668274526035
 19 -0.178543668495052  0.082185599660523  0.676700972116894

          20  0.287890825548632
  1  0.166280828027356 -0.042848880543275 -0.691096329034190
  2 -0.386091796725387  0.086054977114111 -0.592137772611291
  3  0.020645267843575  0.487003823712336 -0.519134399691486
  4  0.139183516527762 -0.553313220393165 -0.426112549924218
  5  0.536497442508893  0.271323746537502 -0.381645640724579
  6 -0.464677124732110 -0.423064701025696 -0.334949107827661
  7 -0.389151129616704  0.582868510556876 -0.126194984278541
  8 -0.697220950811011  0.096783980272409 -0.107774223498143
  9  0.282010827498743  0.653019157532688 -0.033694946306258
 10  0.000000000000000  0.000000000000000  0.000000000000000
 11  0.706848656971840 -0.071582093054798  0.048378264011890
 12 -0.141590420279403 -0.695640363570070  0.056001016017666
 13  0.419953057275391 -0.570015683417736  0.076295653091588
 14 -0.573923244963881 -0.355643511882923  0.226338855885415
 15 -0.114149537647338  0.591589121050490  0.379594087476894
 16  0.447890727537064  0.351357244542959  0.427833448004369
 17 -0.524009283687828  0.182973425415696  0.441142021727173
 18  0.424895668078900 -0.214909801619155  0.529506302845971
 19 -0.111043956420166 -0.422825907042508  0.562127181707170
 20 -0.006258111023303  0.126087616458713  0.700829669292039

          21  0.286832818044710
  1 -0.096111810381580 -0.197002068111953 -0.678645809301758
  2  0.208688397261290  0.285362927725953 -0.619374347019827
  3 -0.359581164033992  0.293730775424807 -0.541323422233281
  4  0.417408913246665 -0.343643304803766 -0.463669170746738
  5 -0.576442749526723 -0.207300710369774 -0.365167908524707
  6 -0.183185301554701 -0.620012096205881 -0.301057428526108
  7  0.642942566296237  0.149248143355780 -0.270106048742548
  8  0.323933221633681  0.613960262638371 -0.163485452689518
  9 -0.245801053623226  0.659623603990128 -0.114393935655859
 10 -0.659280269317045  0.266753049404309 -0.052912820193187
 11  0.000000000000000  0.000000000000000  0.000000000000000
 12  0.297921930741473 -0.647878755528572  0.010152375883053
 13  0.656231076216227 -0.226741847912968  0.162961156203419
 14 -0.637674747931458 -0.245751420481814  0.203922986933234
 15 -0.212020667973597 -0.624293982954603  0.271867042167227
 16  0.571601835421277  0.330563204806006  0.269456376412695
 17  0.079774107241281  0.613003265056409  0.355626936918576
 18 -0.417308751038909  0.343643304908153  0.463669170752780
 19  0.252509524644300 -0.406659549467685  0.528653364889224
 20 -0.265246524570539 -0.184123634179667  0.635885365421922
 21  0.201741629492634  0.147518832744286  0.667941568053277

          22  0.279342623828187
  1  0.039382857240569 -0.252755065509335 -0.673729115628664
  2 -0.261367027314700  0.216536320202668 -0.635725060774392
  3  0.287772950247211  0.306240575405873 -0.585448938957000
  4 -0.479065330120937 -0.269259889911123 -0.466200144779051
  5  0.541769220620001 -0.170694463536852 -0.443504865291806
  6 -0.131676889903564  0.642611358780288 -0.298427364802086
  7  0.247462778059261 -0.616390940414700 -0.279591551876508
  8 -0.648893597519580  0.209353961890709 -0.233356102203381
  9 -0.283724579840531 -0.653186353341176 -0.110430993991774
 10  0.394331808337085  0.591709300581310 -0.117173300585166
 11  0.706654656322317  0.141006888855288 -0.010164045660152
 12  0.000000000000000  0.000000000000000  0.000000000000000
 13 -0.661455150121886 -0.279298128702271  0.061779393906738
 14  0.594401940496730 -0.395396918135667  0.098461453949682
 15 -0.439696084211875  0.548649491229306  0.158108010971639
 16  0.129947417926167 -0.657425814478975  0.265050977854861
 17  0.081130485557748  0.628014821813038  0.344038198064026
 18 -0.544926767815191  0.092143417042403  0.462505634825220
 19 -0.325975309777557 -0.421342657658386  0.485342669657279
 20  0.470631157659771  0.252652016247026  0.483756473814023
 21  0.267447569039879 -0.249353679398035  0.621000478434728
 22 -0.047179299957889  0.207344723802112  0.688570499656898

          23  0.275670699448662
  1 -0.090186232268855 -0.127192580424660 -0.707348165072374
  2  0.388703283200770  0.123439845780586 -0.598602787948567
  3 -0.309170583212229  0.374238436224160 -0.537598436535947
  4  0.283714231542740 -0.462489029599172 -0.479857338821224
  5 -0.569458339923172 -0.101071012738899 -0.436067408909527
  6 -0.253827307361331 -0.551289599956929 -0.395353526168940
  7  0.176894201455841  0.586308932531292 -0.386785745293835
  8  0.669516873175885 -0.164919942120003 -0.221814122321170
  9  0.609188520306650  0.373364422255918 -0.118917067887175
 10 -0.269000949817199  0.668540524640236 -0.073109449104701
 11 -0.664012065947263  0.284411887848690 -0.053392789438103
 12  0.000000000000000  0.000000000000000  0.000000000000000
 13 -0.593650302641085 -0.414670407675602  0.016754307192129
 14  0.434917326049123 -0.576009620033541  0.060932526357327
 15 -0.097874584121420 -0.709313014594744  0.109309417466038
 16  0.232664986830043  0.668063108437104  0.155600844104138
 17  0.631764146516482 -0.135323377713092  0.327436378946828
 18 -0.554830942730164  0.100304097116244  0.454702813635502
 19 -0.191032319228568  0.514177446849921  0.473055076440126
 20 -0.332723553965536 -0.402072248719690  0.502280677592942
 21  0.216488806207223 -0.425926615306600  0.544400634457405
 22  0.373183313581025  0.301461270612607  0.542686145412344
 23 -0.075730170612561  0.034661741876543  0.719525149349393

          24  0.271341306094153
  1 -0.086534398944606  0.097140995793744 -0.716951125907526
  2  0.428523717094661 -0.166801949435124 -0.565232718229041
  3 -0.304205560171792 -0.370625315911984 -0.548670524604959
  4  0.343675779333435  0.367828058725177 -0.526813980564865
  5  0.158320610964197 -0.600164840896172 -0.381680809185594
  6 -0.179376583739478  0.172279230229463 -0.187575085629990
  7  0.695774127349160  0.112909784311324 -0.184591275930878
  8 -0.660908643386456 -0.265750360716505 -0.153362326145296
  9  0.589481438078577 -0.414021372693858 -0.109733446670010
 10  0.209233156023114  0.689144191619179 -0.110658310951909
 11 -0.294358526792009 -0.660648229427636 -0.088546410788588
 12 -0.682599681075556  0.254945402288111 -0.002002361674717
 13 -0.317228640195977  0.655766360148563  0.016732093159280
 14  0.157999820170703 -0.148148389769968  0.091723535916304
 15  0.190861447930553 -0.686343728317657  0.153126374271201
 16  0.542668428340153  0.428819590291121  0.229277622261652
 17  0.644628662872353 -0.095340642941890  0.326048372195603
 18 -0.612976680980825 -0.133299463170989  0.370721369624994
 19  0.059462479460948  0.603563647032652  0.403879474251384
 20 -0.247333349171045 -0.528990800318409  0.435819274207666
 21 -0.425500089383382  0.367439178226673  0.463553250925300
 22  0.246921680809610 -0.360242429681582  0.583265434950367
 23  0.295958645586872  0.177032151196673  0.641881289452837
 24 -0.188965925703155 -0.059252101227232  0.701230733556317

          25  0.271191827927395
  1  0.156155653462090  0.184076712415439 -0.687671816725073
  2 -0.168209610070468 -0.249960768024787 -0.663616224340704
  3 -0.371277486000148  0.245478390072311 -0.577108949919101
  4  0.556311510696611 -0.102326272762209 -0.459573920766682
  5  0.231946247164053 -0.536363753202434 -0.435518328382311
  6 -0.012339294736127  0.610480676177428 -0.397897521353396
  7 -0.608940027803100 -0.187838712862832 -0.353652388891983
  8  0.491980651061993  0.421383102431218 -0.333995017396772
  9 -0.280973911886627 -0.612917695820931 -0.276671123662189
 10 -0.478120136612248  0.534318394893204 -0.130638200861949
 11  0.582284225175499 -0.437012983462029 -0.033557191139850
 12  0.000000000000000  0.000000000000000  0.000000000000000
 13  0.723662073496746  0.083703458886383  0.021639917575108
 14  0.127061340429760 -0.714615930153876  0.065885050036521
 15 -0.715782678414936  0.101001291957962  0.092818360165297
 16 -0.578683372791355 -0.422103479936601  0.134594048754188
 17 -0.040358618700509  0.715336307658968  0.133515918606109
 18  0.463961327097712  0.526238733913045  0.197418422562681
 19 -0.422813057457388  0.438337964265736  0.400312751741332
 20  0.363398090918608 -0.430183140916750  0.462650672178829
 21 -0.170648120474845 -0.523801714269254  0.477150222452851
 22  0.504775939239572  0.090533301431746  0.517847780893661
 23 -0.477488184048713 -0.081658100577572  0.544516611669228
 24  0.089386283422571  0.433945141364566  0.578673533438154
 25  0.034711156831244 -0.086050923478740  0.722877393366057

          26  0.266851270146397
  1  0.228625493026772  0.048269684916640 -0.694915449203905
  2 -0.303922248784490  0.027518210778803 -0.666619137402525
  3  0.024794097773608 -0.433800775071636 -0.590516045801290
  4 -0.097857720411211  0.499749111979146 -0.527429380787540
  5  0.515034534162699 -0.308845258287332 -0.420548553612083
  6 -0.470551881544402 -0.400403548105431 -0.394670730515394
  7 -0.563887208839908  0.340827711389026 -0.321519434781176
  8  0.635424044232636  0.198574329935282 -0.307101904239857
  9  0.118192198891475  0.153537141192070 -0.183484464895456
 10 -0.063766938688522 -0.715623634104777 -0.146026202877831
 11  0.308941288674115  0.650053713860808 -0.139615576975132
 12 -0.726480607413711 -0.086861606216534 -0.046776580713426
 13 -0.214222479112242  0.699613619236072 -0.046438920189432
 14  0.428240832405008 -0.594680582136237  0.021722218512933
 15  0.712193303152603 -0.148171460758848  0.091285142532202
 16 -0.487899864027770 -0.533484306057698  0.121882229868718
 17 -0.118192290067834 -0.153537102059502  0.183484449354650
 18  0.604734380768907  0.363250141105051  0.199631469936875
 19 -0.576546995315297  0.402024186406362  0.208511812190956
 20  0.027908433951029 -0.630653824333443  0.372832312513220
 21  0.123512064070390  0.626457255828379  0.360282023885453
 22 -0.565475073644695 -0.067669468101263  0.461698867509300
 23  0.425668777867711 -0.303907223192174  0.513764100853867
 24 -0.237044471514915  0.324855004819624  0.613014032835959
 25  0.322245675946400  0.207747120128476  0.624904727537025
 26 -0.049666350849632 -0.164839558729857  0.712648744864522

          27  0.262232079867910
  1 -0.029480130444576 -0.202193483010407 -0.708907766435888
  2 -0.315780572857102  0.229355865958843 -0.626083077979543
  3  0.495326124057556 -0.186214319248710 -0.503757151737959
  4 -0.501976241723240 -0.240044120424084 -0.484458643200085
  5  0.136119020666515 -0.599007618038078 -0.408611049435971
  6  0.128265683610175  0.648287094932938 -0.327983627255918
  7  0.096078431156339  0.124894996736725 -0.318637566609126
  8  0.565323307623844  0.358968159236159 -0.309601231405609
  9 -0.384816779744075  0.580712631679303 -0.242879372140836
 10 -0.692187648576826  0.157863051055518 -0.200641521737541
 11 -0.334508671118904 -0.632573248805023 -0.179601051830306
 12  0.529239966419860 -0.508743543359891 -0.073393249073449
 13 -0.253033301853009 -0.137171030798003 -0.027940043512045
 14  0.737052622667985 -0.032062555552770 -0.005189212435379
 15  0.089467787835781 -0.723152809419917  0.115529360527452
 16  0.398307439565520  0.609319955131222  0.119924475573895
 17 -0.112931600448780  0.704356665820579  0.188227641196035
 18  0.089764173003902  0.186237975362992  0.202188531013337
 19 -0.556410185467528  0.427267799148197  0.228366891854041
 20 -0.683225455755488 -0.080195616294879  0.266595468286352
 21 -0.406236958171071 -0.521312412630231  0.327881693014160
 22  0.529689466546375 -0.307829874114783  0.411061238270311
 23  0.564238543254828  0.215341223655576  0.423750548880137
 24  0.055252547428724 -0.464517540425490  0.570501634191979
 25 -0.187733706208301  0.387271365385067  0.599231548804058
 26 -0.327896566199071 -0.115486064650728  0.650729063990825
 27  0.173019105735179  0.025181207655448  0.716750859598420

          28  0.260305474106206
  1 -0.171460637610246 -0.164297674753955 -0.700539446039961
  2  0.337731744369328 -0.232008032960711 -0.615838885686993
  3  0.295766195162354  0.286906468807587 -0.614292298171473
  4 -0.221392605990829  0.346759148990637 -0.614728719225906
  5 -0.003521877410236 -0.587946366488382 -0.448837006217024
  6 -0.588576946578811  0.017662528042866 -0.447675334027175
  7  0.104818502834304  0.663495175774717 -0.309734118897273
  8  0.686377597121603 -0.061662839372564 -0.268759148769549
  9  0.469445859718587 -0.531358831372632 -0.210775569145571
 10  0.563109956721886  0.438605942446393 -0.194113357419398
 11 -0.397385267137722  0.593744579597427 -0.191573263525474
 12 -0.188565073272047 -0.181433467858668 -0.180491792190825
 13 -0.318923358484927 -0.666082039111934 -0.042078500715069
 14 -0.679268810354934 -0.290357059171300 -0.037876814882353
 15  0.054680565698613  0.244194078621990 -0.005253352395192
 16 -0.703847597537099  0.226993504855151  0.014849236750526
 17  0.156080359792271 -0.703315378738270  0.167733094392859
 18 -0.063717365775245  0.711988383267100  0.190159488400156
 19  0.697007562648113  0.104573871053173  0.224483306153343
 20  0.075956208502410 -0.198689883373652  0.267577920031056
 21  0.558376389874113 -0.393770880306666  0.283387178063705
 22  0.414981405976423  0.536409018759025  0.295302876594618
 23 -0.437987318418026  0.428188110354586  0.414692708753361
 24 -0.597391725445370 -0.067150188144497  0.431001125565591
 25 -0.307601790333722 -0.499192398797082  0.450928019980959
 26  0.037321657716065  0.394736867445537  0.624450070847825
 27  0.386143187570408  0.008319559840868  0.630850390547761
 28 -0.154719217318177 -0.079850519879624  0.718911527029763

          29  0.257925461381016
  1 -0.258561206368868  0.035182124170115 -0.694681899552976
  2  0.211045610319100 -0.178210506150616 -0.688749146445319
  3  0.129323425814987  0.369161964325129 -0.630610431643549
  4 -0.200468939559741 -0.456448111227345 -0.549674400800472
  5  0.558919104170433  0.133322566743146 -0.469584017037331
  6 -0.340556622458805  0.481854523956486 -0.450013361477963
  7  0.267684544815399 -0.582634144199863 -0.373573365413064
  8 -0.646118217317208  0.076830195386993 -0.356795447272251
  9  0.405380278794601  0.571405987024414 -0.244615307010094
 10 -0.581981278662957 -0.412089584110306 -0.205315822137994
 11  0.654102874185066 -0.292052557953665 -0.193724944811283
 12  0.169728480608211 -0.115277246974734 -0.178421335919185
 13 -0.061477054457173  0.733212436350734 -0.096409106532876
 14 -0.154762636336222 -0.710747556384377 -0.063075338829723
 15  0.700569559234371  0.233776880442861  0.022895858944973
 16 -0.554456229195762  0.477271361107805  0.039970684789201
 17  0.402144394404299 -0.611287565385209  0.123620464815497
 18  0.144991244748838  0.308440212332712  0.114757378100989
 19 -0.727613766550752 -0.053423759802493  0.135641916386378
 20 -0.212560823777460 -0.060180528783033  0.163516398048956
 21 -0.483397020149840 -0.478541576390926  0.296647773364506
 22  0.643426738819685 -0.196580626753025  0.313101756341017
 23 -0.172564976635405  0.606543787073780  0.391152890910441
 24 -0.002714670545909 -0.595405189754633  0.442899437167912
 25  0.484462314426687  0.257273093026383  0.499781394583223
 26 -0.495937157047998  0.221305231820519  0.505712320884702
 27  0.263187158963888 -0.209468007992201  0.661460719140876
 28 -0.252600238297872 -0.203871351284007  0.667311181237110
 29  0.010556856343109  0.238396693700089  0.702659369882443

          30  0.255330557201847
  1 -0.120973656849296 -0.099774979732173 -0.727971776104859
  2  0.164307249553320  0.317154937781625 -0.653412926274241
  3  0.397794047852587 -0.135357183480662 -0.614793385952179
  4  0.078413134054077 -0.523322441001349 -0.523944254849232
  5 -0.497730659012627  0.207795752281695 -0.513437138752011
  6 -0.505266347151573 -0.299746666651373 -0.457591994362672
  7 -0.184359208843550  0.596419358815821 -0.405990405775329
  8  0.514273777302582  0.444546740536419 -0.304028381067774
  9  0.505180692992637 -0.488865295506017 -0.245633404313427
 10  0.709089638649640 -0.021074772730078 -0.226451578381357
 11 -0.276265611132975 -0.666191773686897 -0.185468088399436
 12  0.073497114989338  0.231902470935694 -0.158175296321529
 13 -0.736011728988878 -0.001528926367951 -0.113212085098166
 14 -0.564106882922568  0.478532954639601 -0.085569942156039
 15  0.165607341898688  0.723811136205604 -0.056605887072938
 16  0.168579416643390 -0.722949711114869  0.058798592843813
 17  0.199355448466040 -0.213217224840732  0.058164506050556
 18 -0.276158593010965 -0.029116661087591  0.107125802851528
 19 -0.595802695028274 -0.426543019497827  0.132713149883621
 20  0.659772812241674  0.303489456494614  0.164701442193524
 21  0.672217711480732 -0.199757688901525  0.250505076063618
 22 -0.231784484896020  0.659160244501219  0.257519520945288
 23 -0.570449303585060  0.282925881405509  0.386099879186133
 24 -0.184952400855562 -0.592898987028795  0.408070457594437
 25  0.266078668532766  0.557619133386809  0.415686929395289
 26  0.310022683226054 -0.475167043548321  0.482322294371903
 27 -0.455871431487169 -0.183531218417600  0.559490937243224
 28  0.445442341226645  0.110986555796391  0.586340928225456
 29 -0.135537675309982  0.343079698481118  0.646883635671039
 30  0.022325623130063 -0.135054806884819  0.731979743385341

          31  0.253116205096448
  1 -0.126438525692296 -0.277827748559697 -0.681660065164843
  2 -0.032599352505300  0.301242775976880 -0.682660585670147
  3  0.327565203537050 -0.054238335244525 -0.669025144154660
  4 -0.472410690621454  0.075563827572350 -0.573544811186282
  5  0.267015142067180 -0.515639812358948 -0.469738090910105
  6  0.415937878391372  0.403338824074526 -0.471326720442405
  7 -0.207986835561265 -0.635474232949303 -0.332790292196506
  8  0.006034188132393  0.667398513983240 -0.335228601399218
  9  0.679630698314897  0.002560886174195 -0.309727232996292
 10 -0.469859470108589  0.499200502492997 -0.296422569568422
 11 -0.205103473913661 -0.103668340765962 -0.182784098142623
 12 -0.614387794129685 -0.399181365062923 -0.144973374453696
 13 -0.728154296934572  0.094038365593935 -0.137052941382778
 14  0.593281281260716 -0.444855670836695 -0.089197289866944
 15  0.138902935854061  0.255581548177849 -0.061740491647331
 16  0.177871998379182 -0.725180496725941 -0.017612565129596
 17  0.624139852771959  0.410104910140912 -0.009940319393265
 18  0.186702594317940 -0.222743806754290  0.114840315214659
 19 -0.238571889024207  0.699650112805945  0.106810938145773
 20 -0.308750259647693 -0.660333920566491  0.162689254735217
 21  0.720259388510077 -0.043712853441833  0.192745954034301
 22  0.253688341163549  0.667031634254234  0.220332538566919
 23 -0.591589139701086  0.372255701172408  0.263217373708307
 24 -0.185013882849330  0.071982838686409  0.291572650115026
 25 -0.666558175240548 -0.158523635097372  0.297331228136290
 26  0.093087261502374 -0.580885266759745  0.460154834481807
 27  0.438928902087107  0.292979241009565  0.522217286931869
 28 -0.093370032760917  0.498642763669314  0.548154024259590
 29  0.430986856584677 -0.219970139322588  0.568945401903549
 30 -0.298859888941378 -0.300419198232372  0.615033718754425
 31  0.041285961464404  0.051649984597951  0.743951041108568

          32  0.250787447430689
  1 -0.147657886888612  0.276412952172950 -0.680523678675508
  2 -0.280224934337224 -0.207018445313575 -0.663277316364030
  3  0.201172511199687 -0.344777990691634 -0.634016724384833
  4 -0.576203695079364  0.141688752633960 -0.457419990906979
  5  0.530729175844914  0.263714729646327 -0.458367245996008
  6  0.152728522220050  0.592385891064991 -0.432518674157587
  7 -0.151513602753719 -0.614591778884309 -0.400799229584876
  8  0.611002745703068 -0.223700670966603 -0.371420386462328
  9 -0.338250192237406  0.581045591933716 -0.330593823485238
 10  0.105789750133257  0.035372211935544 -0.321022591070703
 11 -0.589999749155120 -0.353552212159477 -0.297019491280847
 12  0.338309798665323 -0.623760427660005 -0.240393083504530
 13  0.487664823808334  0.565585903607197 -0.060125320691351
 14  0.739534750466167  0.117060431318752 -0.026545380009188
 15 -0.748939999074135  0.020050687423125 -0.002509312279631
 16 -0.262243786011976  0.141190363095401  0.002908281667213
 17  0.007071166606469  0.748878835711683  0.021211717359963
 18 -0.017177918340732 -0.295218370081070  0.035581103171506
 19 -0.374154399803372 -0.647360533275258  0.047458128837677
 20  0.639061528112746 -0.376557858318244  0.105470334940213
 21  0.214347312390025  0.132269506880939  0.158981104345611
 22 -0.444991241156181  0.581261290911747  0.159491554351047
 23  0.251519409875438 -0.659071917752035  0.252352219356177
 24 -0.590876195684945 -0.306031797580604  0.344280857977745
 25  0.283871916670304  0.567618420752605  0.398177739553165
 26 -0.578009075997368  0.186403273453300  0.438724032437231
 27  0.605596971953613 -0.005303644020853  0.441071000914973
 28 -0.171482777150719 -0.537531244890360  0.492923185531700
 29 -0.176479854452170  0.459109025364731  0.565148841216726
 30  0.262152183443529 -0.321998812572397  0.623628452161362
 31  0.212581790013872  0.171604989307666  0.697624654901642
 32 -0.231942471245543 -0.077559243913891  0.703893735919970

          33  0.248762333488756
  1 -0.046621486847088  0.048188892380941 -0.748239466481503
  2  0.341137025831397 -0.267858738175772 -0.613380174258868
  3  0.393035098441809  0.226734695994819 -0.598725997940822
  4 -0.441351424761251 -0.199659045085782 -0.574197890245085
  5 -0.016575435522363  0.505765879298882 -0.555233430063006
  6 -0.072616427031261 -0.530335097957046 -0.527095408806947
  7 -0.464480414196844  0.293463450947330 -0.512342833824063
  8  0.680132962569010 -0.062095295631032 -0.312923887028228
  9  0.328310735677895 -0.628074684288621 -0.249183232541129
 10 -0.463747934576270 -0.548481016614507 -0.220146449380902
 11 -0.325978276681849  0.648782316414829 -0.192815198115186
 12  0.594270100840095  0.419908578200686 -0.186756163984593
 13 -0.721133665720133 -0.124606114797412 -0.169698508848476
 14  0.160592625034491  0.177374811050288 -0.161616294816269
 15  0.191699328510081  0.710219993698302 -0.152305481139795
 16 -0.070258363849987 -0.262858854879454 -0.105073735471360
 17 -0.324372838789442  0.172000121692255 -0.050664026414824
 18 -0.074460401260987 -0.747335159590444  0.017430991630856
 19  0.639016666153939 -0.390644215833755  0.058419419702644
 20  0.728932661049502  0.088279408876498  0.158814209719927
 21 -0.598087017342240 -0.390807242094048  0.232206052459372
 22 -0.692335632218611  0.095794330267165  0.275413961582162
 23 -0.453835317725607  0.532424018618735  0.273708239496061
 24  0.010304009159780  0.032312459914111  0.289937733481998
 25  0.480612482437384  0.498581683000646  0.291180319882503
 26  0.018856996785623  0.682480300844961  0.313405622502303
 27  0.286060088589324 -0.610315326028083  0.331727066494474
 28 -0.191099190267695 -0.559707430460320  0.463213474924678
 29  0.519346238400265 -0.203031701281758  0.503404056915901
 30 -0.410366098054508 -0.134074279688985  0.614802232167919
 31 -0.206226548899622  0.318393995627520  0.648424094780359
 32  0.282716969523740  0.226886389911573  0.657990663156754
 33  0.069462108488309 -0.218954119721619  0.715256695548213

          34  0.247052660950443
  1 -0.135955916802027 -0.125776982719850 -0.729812191379548
  2  0.340230792686518 -0.007439494758644 -0.671652705650358
  3  0.001174133692216  0.351927293414463 -0.665639164218759
  4  0.184108679120094 -0.463688983055159 -0.563938131932692
  5 -0.542530123180247  0.123247527172895 -0.507346831930190
  6 -0.297887727949881 -0.510908612826720 -0.466009641808129
  7  0.499074155122235  0.382950310373754 -0.413767740230528
  8 -0.362580665098540  0.557043342017529 -0.353790250807652
  9  0.679507807930693 -0.066821073245950 -0.317385851154852
 10  0.114998496009045  0.676183029381495 -0.310614796933319
 11 -0.109232941430247  0.068470546579956 -0.276277353600817
 12 -0.662330193520903 -0.270787632813254 -0.234355431018280
 13  0.491356296540170 -0.539853012440085 -0.184546498724579
 14  0.035904038394547 -0.731237741539895 -0.175874844012449
 15 -0.728080614396471  0.184300960749535 -0.053492711547108
 16  0.278053075648470 -0.120238053329187 -0.034329684824252
 17 -0.414484477093013 -0.628595306288034 -0.000504422142823
 18  0.461843052947863  0.593832533775541  0.031521606166600
 19  0.722821834816554  0.181252217065599  0.107730304405397
 20 -0.180840943635405 -0.211545418435516  0.124476214677022
 21 -0.476237220576909  0.569228720999638  0.126911261549568
 22 -0.012167619228093  0.734943559487517  0.163216447675914
 23  0.011022195299397  0.241438983052226  0.170668606449447
 24  0.640212647213934 -0.316432630229005  0.238595583059469
 25  0.279538922246288 -0.654047626649743  0.247000786243746
 26 -0.652198070785981 -0.272309651918707  0.259643650638263
 27 -0.593732462162657  0.190699146669189  0.421954137573882
 28 -0.160702960625849 -0.576122917971261  0.457369256964407
 29  0.296626516980276  0.492636281648666  0.486057505660938
 30  0.520854886423270  0.055762948395938  0.540860773450064
 31 -0.206963089378205  0.469948282004132  0.550676481482732
 32  0.239334754704756 -0.341018400333805  0.627180214297289
 33 -0.333757144919252 -0.158171599867515  0.656138330767801
 34  0.072504906827807  0.109838373760995  0.741355694331161

          35  0.244833654976580
  1 -0.049128222484302 -0.068708973338545 -0.750427680322579
  2 -0.067823817383823  0.406286000610297 -0.632935876815026
  3  0.373328031239823  0.193857927395201 -0.627153484088773
  4 -0.031260288746532 -0.521265885448121 -0.545509742966613
  5 -0.448624822162272 -0.265180184058521 -0.546526712593803
  6 -0.505817319413890  0.221826511072462 -0.514993249488248
  7  0.181458499671816 -0.139688940211463 -0.324322432402794
  8  0.239694096962669  0.636086050825709 -0.328964260189818
  9  0.671036907532510 -0.131128764820222 -0.320610237550143
 10  0.384389421515320 -0.583682061622168 -0.286070327408567
 11 -0.268307729740730  0.655426393933406 -0.262113358974430
 12  0.625946946619561  0.349332615554712 -0.237557050797030
 13 -0.726636592325916 -0.072885229037614 -0.192258198101266
 14 -0.491135185428905 -0.552959891593665 -0.152636121792748
 15 -0.006164870066102  0.265683045420320 -0.123710621110691
 16 -0.043012786224203 -0.745796819452601 -0.110513406298271
 17 -0.639128100676572  0.394845062781608 -0.076738881791281
 18 -0.174763106620539 -0.213382378665585  0.003472523194424
 19  0.636527821798530 -0.396341057791221  0.089567330212447
 20  0.042281734900776  0.746591614136072  0.105306340034707
 21  0.260148484009103 -0.041737051402991  0.148950626497261
 22  0.734701979353666  0.078785861091059  0.155826821446042
 23  0.483309767986355  0.549671813933791  0.185872931931223
 24 -0.652212949877869 -0.298889704236590  0.235710460881570
 25  0.260648758118727 -0.657779216511049  0.263681007167321
 26 -0.296094135302267 -0.630157047724475  0.292415059288685
 27 -0.379466253500707  0.583406557857069  0.293118336784878
 28 -0.152074230774189  0.151267892426911  0.329493202416888
 29 -0.640207075161549  0.174450942067735  0.360524587761784
 30  0.464060069533662 -0.271210056348199  0.530442801681813
 31  0.090160325685027  0.522279238563457  0.537932822287296
 32  0.473812369765434  0.218110258758447  0.546082376512571
 33  0.010207366510781 -0.432205007289771  0.619169484066030
 34 -0.393393848684890 -0.155009050224797  0.625691363869861
 35  0.068313587620725  0.035727336622992  0.751220772996912

          36  0.243132162305941
  1  0.095571409598035 -0.161230203784773 -0.733293836596657
  2 -0.230237185421170  0.197533263194941 -0.693412109028507
  3  0.304250666190571  0.267782365125867 -0.639197200233128
  4 -0.341003161800576 -0.323299383266612 -0.593332348820725
  5  0.531681088370384 -0.144821113219878 -0.518836187047766
  6  0.188746217204986 -0.560665808669687 -0.472099184722082
  7 -0.028202369693636  0.584772576701497 -0.479681752433043
  8 -0.615529280484168  0.046754554790414 -0.437934515890987
  9 -0.476984569219800  0.496280257260992 -0.314707087169713
 10  0.644173448557577  0.270042859545171 -0.291489872753387
 11 -0.238312395602532 -0.667487746820259 -0.265548928980473
 12 -0.623861138313931 -0.378145958549527 -0.201622990401803
 13  0.352784621679712  0.644020031938217 -0.183385203613271
 14  0.559905956336444 -0.480653725574535 -0.168304010308642
 15 -0.091556753980005  0.264376083401794 -0.119372744208708
 16  0.288132285177521 -0.039362842081723 -0.111339274104980
 17 -0.177311700604001 -0.213955151597367 -0.100994072394258
 18 -0.159517012699297  0.738911831225963 -0.037583848880141
 19  0.174519805236887 -0.736253166797840 -0.017972882624933
 20 -0.750309574603461  0.095768444176104  0.026699645955357
 21  0.752112683925466 -0.079732946237589  0.028602302326646
 22 -0.535059862489627  0.508291528834796  0.167927332507390
 23  0.605348164683305  0.421767217112528  0.168863614002099
 24 -0.307004611113709 -0.657310457341719  0.215731442214204
 25 -0.634753307077141 -0.303674354825856  0.278781364354600
 26  0.204045999201277  0.673481394070987  0.278634107362742
 27  0.017109313301002 -0.001041936126387  0.290617511418050
 28  0.548335848174104 -0.416912118590277  0.313625583643033
 29  0.117771702002353 -0.600439461181161  0.445478622831249
 30  0.590905864855317  0.041155354487369  0.471153286534530
 31 -0.571089278888711  0.135363251557966  0.477894072991817
 32 -0.193411155323537  0.521098705700639  0.513709244270739
 33 -0.277198624757420 -0.364362677103141  0.602701987471841
 34  0.242599909187008  0.340511441240922  0.630908999921673
 35  0.230237287041628 -0.197533155935173  0.693412109090135
 36 -0.160517169321857  0.088987230621165  0.734278172680459

          37  0.240686554958030
  1  0.171148744012782  0.020954730664516 -0.739476784292197
  2 -0.254770670302275 -0.197259126944147 -0.687559197605896
  3 -0.120000919107018  0.391083896531737 -0.639695297081764
  4  0.393841958182281 -0.381265998683507 -0.525434732430695
  5 -0.527209299754710  0.163193043239749 -0.521512497744545
  6  0.392914469293695  0.388156098806653 -0.521066186391285
  7 -0.046802423630835 -0.584731897831539 -0.482135923388943
  8  0.650798745784597  0.003005404033733 -0.391163479702910
  9 -0.569813227358195 -0.351719749112365 -0.357998619876493
 10  0.036144484546247 -0.143776424492211 -0.307785265500267
 11  0.076710207962942  0.686747794365941 -0.314721970553854
 12 -0.392359323391722  0.581184202373528 -0.291266187671242
 13 -0.749720579920148  0.024634189173361 -0.117767213559089
 14 -0.326197258874506 -0.678132479136163 -0.101432720878927
 15  0.203748186780371 -0.725160803169167 -0.095840459891751
 16  0.638332784368697  0.397025115731778 -0.107047754295817
 17 -0.285390036581801  0.150836283391712 -0.103974139634872
 18  0.601180496573876 -0.453561575189698 -0.097060887447672
 19  0.754661328043811 -0.032051751079881  0.077562059213047
 20  0.287890921677067 -0.147045714359569  0.102498921479883
 21 -0.177688489319687 -0.269318123974058  0.104809950091384
 22 -0.617103116860524  0.429428059399439  0.106452772547080
 23  0.314089914195799  0.683432891454888  0.104038053132450
 24 -0.164634279173899  0.733861924739340  0.104398933712288
 25 -0.645352526184365 -0.382791562684679  0.116394348257911
 26 -0.064729996935931 -0.693463267719467  0.302449386909638
 27 -0.036268555471385  0.143588412602861  0.307858383326394
 28  0.396972646313027 -0.559285170908344  0.325836958466591
 29 -0.663985654367919  0.027589670282301  0.367312902998007
 30  0.586412147039043  0.315845004321559  0.364581451628679
 31 -0.324767747483833  0.485960267286172  0.484691073401327
 32  0.542436488164123 -0.140112470133998  0.512530979920121
 33 -0.383885642639109 -0.398122142792658  0.520276350236337
 34  0.179499236209333  0.510514684345026  0.532645932200621
 35  0.080544440522745 -0.389851961780548  0.646594887714275
 36 -0.309105176157208  0.045290991522464  0.692069089023081
 37  0.173461219617314  0.074021904913624  0.735519456373068

          38  0.240519371740801
  1 -0.064692580510333 -0.227367785699367 -0.721754518346831
  2  0.155044992599041  0.266304903205048 -0.694156735543134
  3 -0.317095310290072  0.178409717572859 -0.666656854437575
  4  0.401604772495936 -0.160517886133679 -0.624306366810917
  5 -0.500313471122406 -0.240849042123633 -0.518159236357476
  6 -0.135326329271297  0.579147972561844 -0.472318997272443
  7 -0.184928420918702 -0.594433519295467 -0.435041486499283
  8  0.294491801134717 -0.573306784063554 -0.401752081652505
  9  0.442509601260946  0.487707481085997 -0.378335156158683
 10 -0.557034363338699  0.406806515121933 -0.317855316166310
 11  0.690514633756680  0.061444789022375 -0.310201391310325
 12  0.213316314989121  0.082684113068375 -0.253377730658765
 13 -0.263854474273305  0.041413648019678 -0.208622179944939
 14 -0.740252467267229 -0.012452209116143 -0.169357763016327
 15  0.643057975404447 -0.382344717951184 -0.130766133324145
 16 -0.591643842276814 -0.465045353244369 -0.102475402037429
 17  0.134596319858639  0.739626870995225 -0.107920095826996
 18  0.019936018740999 -0.328578602392417 -0.090440271684608
 19 -0.343140510102311  0.677317300484360  0.017512552420789
 20 -0.215602912092589 -0.726912357941281  0.043870637907673
 21  0.263952368744043 -0.708011633970135  0.076547357226324
 22  0.614826152189001  0.440606573922008  0.068304277334319
 23 -0.019936024085627  0.328578601407052  0.090440274961104
 24 -0.662277539848019  0.341470369692672  0.146960101850091
 25  0.741843576255995 -0.013771867497807  0.162139658117085
 26  0.263854475564062 -0.041413646433082  0.208622175339905
 27 -0.213316313872574 -0.082684108610499  0.253377726844042
 28 -0.683113909149569 -0.183421025020955  0.276627799412213
 29  0.540009385290739 -0.413405611136975  0.338077637798432
 30  0.264116530991623  0.625127836032661  0.340981629087346
 31 -0.361503260912182 -0.500421862232284  0.442384648073160
 32 -0.213485390302358  0.560592246970061  0.465801615997079
 33  0.517338363128234  0.247448103022253  0.497937023174089
 34  0.112143909198035 -0.554709181367555  0.506490170129000
 35 -0.482611245734258  0.173232276278242  0.560256895225103
 36  0.315504215846900 -0.152185647707927  0.673874946199618
 37  0.083912096760781  0.268242062847637  0.705560614290110
 38 -0.162445715463334 -0.144328663508512  0.727730342309869

          39  0.236745238676494
  1  0.087221051124894 -0.035092486387004 -0.757442299005573
  2 -0.322242616611415 -0.245571883694251 -0.646847722931206
  3 -0.355152701821390  0.226658722203115 -0.636435552684810
  4  0.341859935876802  0.330462811190888 -0.597062764996383
  5  0.209123946444073 -0.476394432557047 -0.558456220607585
  6  0.509657519113709 -0.110509901086520 -0.557310152119723
  7 -0.056301900815078  0.569575833778882 -0.504946825143699
  8 -0.206798170168010 -0.624358325738324 -0.387258348624534
  9 -0.684424974926879  0.085631483538457 -0.326783618632185
 10  0.004854811995414 -0.123176106340730 -0.299090734668150
 11 -0.598279574674330 -0.378141035395676 -0.285707435255701
 12 -0.487394227162431  0.514064318409414 -0.284152379103190
 13  0.559998115229600 -0.459221513820563 -0.240988677880618
 14  0.595370592767785  0.429172512436097 -0.209529574331706
 15  0.139397922301634  0.309585600958359 -0.160366210442702
 16  0.746664067009891 -0.032687593258361 -0.154861625221444
 17  0.183336791160298 -0.727633339905804 -0.139625120761172
 18 -0.133794924772695  0.747862252344706 -0.073203827126549
 19 -0.299090789613033  0.146929243611086 -0.050951190818045
 20 -0.382139721480749 -0.658713127766812  0.051225767512854
 21  0.324660709283816 -0.100441087180987  0.049959692240614
 22  0.314978861554305  0.691989374579885  0.067058578313998
 23 -0.733429159749024  0.159727797623961  0.138298694784292
 24 -0.116952304708381 -0.245657138514374  0.142260213721074
 25 -0.675439336809591 -0.308662510953907  0.176258297123428
 26 -0.484331665057635  0.559424155160855  0.187150430210737
 27  0.462483384677371 -0.570117591823516  0.208884851230810
 28  0.686598554506973  0.250896071441290  0.219525435809301
 29  0.032277146895971  0.188975105676727  0.285287679770441
 30  0.016823310034866 -0.700425850569610  0.302784469179499
 31 -0.065449895969436  0.655155093164528  0.386064691083205
 32  0.615107207544780 -0.173316804785877  0.417327496204454
 33 -0.354941299229574 -0.470592145220443  0.484889201406924
 34  0.359293625710742  0.469548827528208  0.482690190260291
 35 -0.538554216677317 -0.037587844055704  0.539540860696692
 36  0.244990603193794 -0.407774464945856  0.596873035718537
 37 -0.236001759704907  0.306905320630659  0.657776652267152
 38  0.306054800455126  0.050884983322313  0.697351423798405
 39 -0.122722009762373 -0.145580743926017  0.739123390240651

          40  0.234999232359232
  1  0.262525442422251 -0.042413487182403 -0.717291895030881
  2 -0.121111201915197  0.229092165920330 -0.719774291549476
  3 -0.068129435534848 -0.372281680375463 -0.664823965393462
  4 -0.444639282758187 -0.095383370503967 -0.615161844842924
  5  0.291072379965069  0.405987082704933 -0.579376847036113
  6  0.366207516036368 -0.446840124216017 -0.501449992045393
  7 -0.498347717568519  0.346855880898234 -0.465367300926398
  8 -0.110273805590784  0.611319293510801 -0.446491415004750
  9  0.631563579665241 -0.063423644267467 -0.427002412966512
 10 -0.423212657661638 -0.505971349699412 -0.387440594374533
 11  0.004493517136140 -0.691358178962936 -0.327459693971277
 12  0.037311046676336  0.153535700224915 -0.271094745099707
 13 -0.710765124479718 -0.159594005437488 -0.231712594890839
 14  0.628873862060785  0.366054459643879 -0.236110085939892
 15  0.283071083406969  0.682213832095603 -0.199201464671324
 16  0.632152675280058 -0.415128037690112 -0.115229692140457
 17 -0.412660441349694  0.638160234072703 -0.087687229881616
 18  0.184802204776917 -0.263627763789087 -0.105605650591760
 19 -0.269385866976782 -0.140399538721504 -0.064430431702879
 20 -0.711213199254807  0.276903199439187 -0.052216643295469
 21  0.296071750941100 -0.704195911382175  0.040936672779574
 22  0.763993008464513  0.009114757355803  0.038180704026093
 23 -0.572382357430741 -0.504193481223179  0.058254140496984
 24 -0.167958869504167 -0.738596038807424  0.107199992470192
 25 -0.175895252470521  0.279291841597591  0.131271270837624
 26  0.273035797225637  0.132368749611003  0.137745549716765
 27 -0.023297958798566  0.749631146184958  0.150786353083459
 28  0.511495910593732  0.537817819952947  0.185337800995670
 29 -0.721820404026296 -0.095078113558248  0.234865133948150
 30  0.534563483481167 -0.425261246203821  0.344413892136505
 31 -0.059572528037690 -0.136092152072270  0.358803791689655
 32 -0.566523801646505  0.333309507223995  0.391384375075259
 33  0.114003229112902 -0.599458259600588  0.461388375709042
 34 -0.344483224647726 -0.496369596978293  0.469227775843325
 35  0.596997256298526  0.062068225768025  0.474307888682322
 36 -0.160753724186382  0.520273047186139  0.537308450541046
 37  0.292831783808544  0.404594116229741  0.579464685718417
 38 -0.449036740119472 -0.062358081107719  0.616200982013501
 39  0.278513078505318 -0.216604546199843  0.678777658853039
 40 -0.039118628695821  0.121490541611725  0.754278433788751

          41  0.232755979195002
  1 -0.089771658805232 -0.142249031843543 -0.748578383113076
  2  0.293421379942272  0.117403557434218 -0.699130664436615
  3 -0.104459382252689  0.357386729115101 -0.670840033668844
  4 -0.471224835107281  0.079538452582200 -0.600236767284348
  5  0.197307068041584 -0.465922935139661 -0.576757377812312
  6  0.563506081136333 -0.194201011749309 -0.483125502347927
  7  0.258900070913233  0.557300256179990 -0.459402400085002
  8 -0.230263479487082 -0.620053344034980 -0.384657174453820
  9  0.609171181667186  0.259158174787497 -0.387828440586862
 10 -0.446318559229456  0.491394377440686 -0.384700788884089
 11 -0.624524662033257 -0.279711563853509 -0.346978061294789
 12 -0.175469617315805 -0.169237479876994 -0.264758624640647
 13 -0.022307972129023  0.272540920257421 -0.220167730965800
 14 -0.720156019956419  0.155972074492341 -0.213802259950878
 15 -0.090451697987649  0.733232195607330 -0.207008273064205
 16  0.183939087132470 -0.720882796762049 -0.187503970642376
 17  0.297318686048112 -0.053527465941070 -0.127585892605821
 18  0.582596543106805 -0.484647757235051 -0.119838252774545
 19  0.760867449024954 -0.056378382299390 -0.081028331369848
 20 -0.506911657079129 -0.575886756231404 -0.007642210124190
 21  0.333579477979501  0.690652000133737 -0.019696041308122
 22  0.665924885032719  0.375637956526135  0.064056415800496
 23 -0.451182139508151  0.617312344793754  0.063431328341001
 24 -0.267847660201200  0.077245711795648  0.124249505860372
 25  0.015574533706548 -0.291020291818788  0.157494061385397
 26 -0.110174217667573 -0.739355575274028  0.172853586984965
 27 -0.715117937194682 -0.207034826541820  0.185489336656071
 28  0.339656992899910 -0.643147678934853  0.244249007604784
 29 -0.683069848884072  0.254195998996226  0.239715170777364
 30 -0.040415652556474  0.722259916008089  0.255676702531617
 31  0.167939919207839  0.132796972355755  0.279350869402667
 32  0.641620109590281 -0.293500751362116  0.301403933916346
 33  0.353900659154203  0.536468034256595  0.419070112430015
 34 -0.422859391427733 -0.467629774224064  0.437236454108686
 35  0.597049137805804  0.141679301620350  0.460567790882879
 36 -0.356111770860201  0.467070492820844  0.493652660128479
 37  0.022283470363570 -0.521490803717015  0.562329241679780
 38 -0.515278237392832 -0.030419886856914  0.567649853355013
 39  0.349435996855684 -0.202766767732451  0.652260308056398
 40  0.040779823750035  0.327276916691158  0.692741086725094
 41 -0.096277654803372 -0.113547359591055  0.752662605538817

          42  0.232118614012800
  1 -0.017011187686337 -0.222390466161155 -0.734775423513707
  2 -0.299029292381994  0.143931489329454 -0.692464462353521
  3  0.109101852511758  0.363743221142595 -0.667405032792632
  4  0.388340757152829 -0.007990536779550 -0.662396732028144
  5 -0.444265816701044 -0.277152789824279 -0.561654732152411
  6  0.325580900949212 -0.455516829288204 -0.525493404447614
  7 -0.115858751675855 -0.593237650246662 -0.473590184585316
  8  0.509713595468028  0.377050076922310 -0.433205624425119
  9 -0.144468155083103  0.641991247715832 -0.395749937421063
 10 -0.536834988386746  0.394243546973561 -0.382128308110156
 11  0.697274767171483 -0.047395870819477 -0.318124745093555
 12 -0.713884357005049 -0.023043401993396 -0.281921885269096
 13 -0.187646476474344 -0.058073762453761 -0.242064462291696
 14  0.260100264387487  0.059984163981148 -0.202680715979036
 15  0.269605503143229  0.692857088364772 -0.192103489617440
 16  0.205731873401946 -0.721342302222611 -0.164260470705315
 17 -0.596670180384788 -0.455697258155118 -0.161141328327390
 18  0.592817956829038 -0.465709721090862 -0.146024479756441
 19 -0.241163365446390 -0.727998367965797 -0.038735388875409
 20 -0.069136818217290  0.333667605781463 -0.021905555244379
 21  0.703923541989110  0.306311159855552 -0.017519798145951
 22 -0.410865244724326  0.648547934881419 -0.014736002995680
 23  0.076177820057011 -0.321953631095774  0.034947406282139
 24 -0.706050351194252  0.296959555097010  0.054311574831539
 25  0.744453533459865 -0.129824814276445  0.136294816713000
 26 -0.734492781605047 -0.153443307788508  0.163148178079391
 27 -0.001409402609824  0.746239497171286  0.181015052941606
 28 -0.254645923173631 -0.051565087116029  0.217772535342100
 29  0.433238889546602  0.590736336146642  0.230166176242496
 30  0.392662106924759 -0.612159387870061  0.246412614477393
 31  0.192345776225745  0.069428947973535  0.256992501650281
 32 -0.481462355795004 -0.518325149480524  0.298621603896872
 33 -0.048751833372909 -0.665533307686777  0.379908539056310
 34  0.605445440136208  0.206134397618920  0.424954411769288
 35 -0.328518985733258  0.539089879727101  0.437148938853014
 36 -0.581790925358421  0.152126974724638  0.477512853939393
 37  0.508583571008452 -0.252970076189673  0.516711442488459
 38  0.118797000471690  0.509665599102578  0.561934224545865
 39 -0.363238927642940 -0.224629683307454  0.638154220990210
 40  0.084116624898060 -0.340195229476240  0.683252092717607
 41  0.263687815101779  0.087440833533787  0.715866370032417
 42 -0.187311014918229  0.197493644691791  0.718019962774210

          43  0.229732953802005
  1 -0.058270228657739 -0.225325431718185 -0.734264497801556
  2  0.223483162295657  0.154727869504106 -0.720711843886955
  3 -0.233682448446144  0.198438430121733 -0.706630048326294
  4  0.383658442818484 -0.262525984491269 -0.614164171194942
  5 -0.485166144872126 -0.170191186760852 -0.573550428713496
  6  0.037441189466145  0.538405681022057 -0.549571471633235
  7 -0.226025340300989 -0.564175130650217 -0.473212732242291
  8  0.468798622768601  0.424897751219123 -0.439318875940675
  9 -0.611867077759540  0.237307811531896 -0.403255507338122
 10  0.220935340729433 -0.627766792969002 -0.387824382060703
 11  0.668051332015673  0.014712310363164 -0.383147867245072
 12 -0.177645279477184  0.259328231146784 -0.254677409131154
 13  0.601519745128391 -0.416862827374699 -0.240230518112145
 14  0.192969386286825 -0.139436269443949 -0.214670083605386
 15 -0.732170390242040 -0.149638367554384 -0.186671371846517
 16 -0.227250668251001  0.711340126924624 -0.188848299078699
 17 -0.262273902517194 -0.184649484892619 -0.172029335510751
 18  0.231904477304535  0.714066592931381 -0.172164272495951
 19 -0.508751027026388 -0.567584456068166 -0.111047738328987
 20 -0.092925017800183 -0.760484111666839 -0.079625243658763
 21  0.688299036330028  0.342946900142604 -0.044081546346702
 22  0.220415458437529  0.278614506111361 -0.026019129641514
 23 -0.727244925602322  0.250441481292143  0.041294129031289
 24  0.341553162268650 -0.688488235722768  0.051348895550101
 25  0.761952574172046 -0.100358080865580  0.051651261128400
 26 -0.448017666921337  0.594831413701411  0.196893398760868
 27 -0.188723804668744  0.207596560825945  0.201732517158550
 28  0.334481629055876 -0.092348186836390  0.219916982324093
 29 -0.012247135429954  0.739186038915062  0.216252930628477
 30  0.425034477744087  0.599023662166928  0.232007903640191
 31 -0.099266017065292 -0.240039703644181  0.253962769108021
 32 -0.705629682782419 -0.146307138618441  0.272015246676083
 33 -0.450937495480425 -0.522170069601949  0.342498344580410
 34 -0.015447350615175 -0.677773454555693  0.365644425798063
 35  0.625094004039272  0.218272909285918  0.393606079277996
 36  0.389278623855259 -0.481126936832892  0.458574253662081
 37 -0.560556745625415  0.242420196779162  0.469382472602013
 38 -0.186326121093708  0.492235148708096  0.562404176223004
 39  0.258965083692754  0.390206505395276  0.611545002154168
 40 -0.415312220799103 -0.163712772741440  0.627714273977269
 41  0.364298543533827 -0.052260302610409  0.676658521271095
 42  0.012383818584713 -0.349753439996478  0.686170893223016
 43 -0.061734067329878  0.097379198847925  0.761588812300463

          44  0.228163031287400
  1 -0.087037793370557  0.002592322114537 -0.766909387517646
  2  0.351659932154172 -0.089275697370867 -0.681246980358608
  3  0.044557392198602  0.422083049034490 -0.644664908917542
  4 -0.180266820351284 -0.419964379565240 -0.621985610483294
  5 -0.494900652465400 -0.091507081071146 -0.585176985684343
  6 -0.398319400822763  0.353685740497911 -0.558552019214051
  7  0.471651175812839  0.320468163527016 -0.520170770796900
  8  0.252757974390593 -0.522629235921939 -0.508629918912630
  9  0.616218421353499 -0.286429516930433 -0.366012698259300
 10  0.054029346957151 -0.147900949954425 -0.340347062628068
 11 -0.523484609046273 -0.465069761091968 -0.324663345145376
 12  0.248367819806297  0.660316757494626 -0.313093455900797
 13 -0.207430628152510  0.679297687009366 -0.302091862186710
 14 -0.095022864024791 -0.712163042411102 -0.282004898198141
 15 -0.734192820925415  0.064334741541153 -0.229247127154643
 16  0.006872150157970  0.286990139166680 -0.210426260682716
 17  0.411511805922756  0.053455344187706 -0.140608709460046
 18 -0.584990560052686  0.485117238399247 -0.134831792368774
 19  0.415622011156079 -0.642702878320029 -0.099617570303534
 20  0.606517691455307  0.464788720427570 -0.108811955163399
 21 -0.268200850900158 -0.230476713090560 -0.027965215658137
 22 -0.712566474577516 -0.291248669636787  0.056174175689776
 23 -0.389022150810415 -0.663588658519169  0.063593747609515
 24  0.186962436139914 -0.280137726668441  0.076335775281621
 25  0.693289062853147 -0.329249525599378  0.081714940446919
 26 -0.287110328540183  0.213503984818139  0.130759264688120
 27  0.158808507586549  0.744682693841446  0.126332298651747
 28  0.049747622306704 -0.755772345791141  0.148545083000539
 29 -0.294760133619196  0.698361910085319  0.145393990392426
 30  0.743734160941949  0.125543321423734  0.163800728219768
 31  0.161914814139514  0.202176256829191  0.211267568513642
 32 -0.727109288916131  0.133743852388753  0.221713712231673
 33  0.486183309834427  0.500517511724274  0.329909557253554
 34 -0.109345932400267 -0.120764371522372  0.385510046432643
 35  0.370384952996448 -0.547883113090189  0.397958977775828
 36 -0.486512367429720 -0.414130142606010  0.433052245802407
 37  0.579521700804510 -0.152101453642554  0.486571734041266
 38 -0.362035326426744  0.443350171398499  0.517786977637964
 39 -0.063570772498171 -0.548710624154216  0.539080433790479
 40  0.080776883337029  0.552551406360276  0.532817365256699
 41 -0.492629011310670  0.012810891407829  0.594041113516449
 42  0.353862187431662  0.207552115987036  0.653785880642000
 43  0.190381692708161 -0.213801819934522  0.716781625842708
 44 -0.089724150306920  0.160001039975398  0.749720975504969

          45  0.226911553062939
  1 -0.221001528246169 -0.146120590833940 -0.726273257276319
  2 -0.017983576316802  0.259756740714308 -0.727920856566079
  3  0.385645170335614  0.061378101393345 -0.667215315660904
  4  0.194767709307899 -0.351706701421457 -0.659572351028967
  5 -0.448463824740322  0.221927272984522 -0.589316748610195
  6  0.314851973013020  0.483013389483337 -0.515006842145988
  7 -0.284621215995371 -0.527350039996686 -0.488424452201532
  8 -0.588380864766840 -0.191089686703407 -0.463636103425278
  9 -0.201473260209932  0.582395596368475 -0.466786505308955
 10  0.582971903933707 -0.270976645295249 -0.429396277481255
 11  0.111128723740839 -0.687867663068485 -0.334894358943218
 12  0.678633442959394  0.162041876906929 -0.332963701342769
 13 -0.002105380138195 -0.254681505275523 -0.260845707538155
 14  0.235630746331948  0.131292629620057 -0.239376806257359
 15 -0.620262657828729  0.410104286139566 -0.196200505343362
 16 -0.326235075010253  0.053972114949855 -0.185823737532434
 17  0.124215723539402  0.738496499086907 -0.191987295541976
 18  0.493451105595959 -0.584210756544686 -0.113444017520396
 19  0.530516487613466  0.549113685409067 -0.121211235676813
 20 -0.623352842319496 -0.448078906656859 -0.091226499269433
 21 -0.262359184330330 -0.722853280850284 -0.079476660404553
 22 -0.768233287435271 -0.018054282908923 -0.084601452307839
 23 -0.303592501342314  0.709662846437429 -0.043312634445386
 24  0.741328084797392 -0.219193252419156 -0.007261926197605
 25 -0.063864928231869  0.335073668832624  0.056756553757891
 26  0.143047993306242 -0.749764791479678  0.122701979837522
 27  0.732879678476367  0.218015607315453  0.114115374208768
 28  0.100428773386853 -0.301438833939435  0.178763109407935
 29  0.297952751525237  0.105990893288675  0.209434069465288
 30 -0.677401128970553  0.281671041567912  0.243833717108652
 31 -0.253864567973003 -0.028161341880525  0.254598806554364
 32  0.049415650603949  0.727970409220989  0.255505231965161
 33 -0.436087832141484 -0.559806202642084  0.306773800917136
 34 -0.676253724348668 -0.175501688497680  0.330977044257360
 35  0.469011379218595 -0.515567210760143  0.334491441056469
 36  0.455452560524730  0.522067805451941  0.333787560662906
 37 -0.355307504720825  0.568566786852250  0.384907953626741
 38  0.640594844734132 -0.104234223862791  0.420046685814007
 39 -0.034892642623821 -0.568455493184155  0.521739717373540
 40 -0.432826997691595  0.184256810276495  0.613494877503935
 41  0.017082962168652  0.460522484234873  0.620719711871020
 42 -0.350291346700253 -0.261340921651844  0.637701059968261
 43  0.376525435181124  0.184958453764777  0.649372553955096
 44  0.292942882846341 -0.260783292190336  0.666214896780011
 45 -0.034231021651231  0.035570288271272  0.771510685950990

          46  0.225168195856191
  1 -0.127724638717686  0.029283782782012 -0.763670872459570
  2  0.302116854275886  0.146601789724809 -0.698281876003332
  3  0.050116071438789 -0.375084565347080 -0.676139240788969
  4 -0.387404648096449 -0.300279722464142 -0.600095035492607
  5 -0.221565702064757  0.438003368581342 -0.599521487098418
  6 -0.536838502467010  0.121012629438513 -0.545458207564384
  7  0.470578557122151 -0.324839673302964 -0.522876020618661
  8  0.206821475639773  0.544767478949537 -0.510703040725137
  9  0.647737208453552  0.075787428022586 -0.418398254359731
 10  0.209291510617636 -0.653452063989750 -0.359946924370349
 11 -0.240428762326608 -0.655246890184877 -0.336466711372591
 12  0.027563278735129  0.169874066797150 -0.337139524778479
 13 -0.531122333361574  0.491550397468556 -0.276860250786947
 14 -0.125040038594464  0.718782537235944 -0.260923317520113
 15 -0.028222635427186 -0.267579430698296 -0.245896798982907
 16  0.559897837805783  0.479367416697336 -0.238925962888257
 17 -0.609344934400770 -0.421155893776354 -0.227356083644822
 18 -0.755792906627536  0.000918343779410 -0.170705973387576
 19  0.709453517788630 -0.276107684781292 -0.144237918782831
 20  0.338406350902039 -0.029318746498438 -0.079260341210368
 21  0.256184770042010  0.730938689442354 -0.021501641508632
 22 -0.268046158037773  0.223179830668424 -0.001615424109930
 23  0.463839024087979 -0.620577043697123  0.010090454994701
 24  0.761425580114896  0.142996856131315  0.012137124700828
 25  0.041055031342583 -0.772687639260906  0.040405708106847
 26 -0.343201070932800 -0.214763803705687  0.071596445689072
 27 -0.392969757022585 -0.662069840802751  0.087193008193199
 28 -0.377886422912343  0.667723934061050  0.108217022567140
 29 -0.686352373667351  0.339757482368351  0.117684310970756
 30  0.150619047600183  0.321066162828993  0.132327016008240
 31  0.137964450619487 -0.350718167453077  0.164313718413543
 32  0.559387984377712  0.492787670746059  0.211210130456054
 33 -0.717576062734593 -0.078536494382680  0.281568709115817
 34  0.643403410008865 -0.310581345960640  0.299892559603968
 35  0.002276767510746  0.692083481917933  0.348395549284496
 36 -0.069193117297735 -0.000826838519097  0.357871631431749
 37 -0.074584688024342 -0.626168415760149  0.450238341469810
 38  0.622296753862575  0.114447785021264  0.447227819362128
 39 -0.471682318226388 -0.413806749821993  0.454581223971127
 40 -0.434951569989064  0.423001400164857  0.481924550044267
 41  0.305007962363991 -0.417373667885278  0.577177346197253
 42  0.295340191120549  0.432541638100190  0.571004577504622
 43 -0.446844519125231 -0.001070128504388  0.633003282191707
 44 -0.094303907267779 -0.267030401770297  0.721225250748454
 45  0.281485705865138  0.008444506916010  0.721844036069634
 46 -0.091709170433872  0.260484226789782  0.723948700091940

          47  0.223507034454931
  1 -0.088190104645055  0.067897973164152 -0.768474905868133
  2  0.157538316044219 -0.299013801124192 -0.699080647176124
  3  0.349526387029310  0.104442287821521 -0.685466584762392
  4 -0.286442880270576 -0.314679778098451 -0.649514002265678
  5  0.080860086966725  0.456225177820645 -0.623106378557650
  6 -0.356196282685743  0.372480897114859 -0.580795587988014
  7 -0.029070280002948 -0.626151560742236 -0.458290724880443
  8  0.646964321210686 -0.095841125182188 -0.418560594591970
  9  0.418496299090048 -0.512905606040824 -0.405869452510042
 10 -0.665697727400892  0.118730228543369 -0.381694896618099
 11  0.590841363887777  0.344684068507483 -0.367478844530313
 12 -0.614827963013485 -0.323972542228209 -0.346366414826632
 13 -0.233118505322961  0.011154060260660 -0.348166364777067
 14 -0.156892116417031  0.688067448636913 -0.323866292586073
 15  0.174663638348437  0.181670330617295 -0.281386857068638
 16  0.287684442273711  0.662619205945974 -0.284806557379154
 17 -0.548762491622899  0.510924190785493 -0.201884929103165
 18 -0.384329840771410 -0.656394442611153 -0.156135309084110
 19 -0.072840609362267 -0.337880913171462 -0.119458775941448
 20  0.350194047049562 -0.194857218116249 -0.099272643804978
 21  0.083684481898998 -0.770319202192151 -0.050462668718325
 22 -0.170069941736084  0.323546363666519 -0.034705832643007
 23 -0.771416239552601 -0.088647089468723 -0.000066514830394
 24  0.754191336313672  0.184035809212407  0.016357710655975
 25  0.492866862606979 -0.599441372884512  0.026336699855125
 26  0.038116781344660  0.772443761122657  0.069419539206061
 27 -0.338715327038716 -0.063889511655579  0.116314519927823
 28  0.477653643101151  0.601271572982440  0.115155626420905
 29  0.324549609779910  0.182015225990627  0.139749290060268
 30  0.721813931197559 -0.238746146238305  0.157880498879547
 31 -0.599384611780594 -0.458758846992490  0.182262813013853
 32 -0.688224436105618  0.314340355201879  0.174581190795672
 33 -0.376770601492827  0.653146877650430  0.185430298514563
 34 -0.228058184235964 -0.694882265960911  0.260901181670377
 35  0.107265194627285 -0.227643376346833  0.274535085238479
 36  0.205057155840114 -0.654577450244551  0.363897306957719
 37 -0.057324016016379  0.176365792842849  0.372046934537476
 38  0.623500635895661  0.079583856476948  0.455910838176647
 39 -0.623106328205407 -0.024711918300540  0.461229580512244
 40 -0.041754310981643  0.610298712399235  0.478260791513646
 41  0.370641560969140  0.442737648680202  0.519181599504891
 42  0.457174054572464 -0.327664162259589  0.535321778127385
 43 -0.425347550754250  0.373999193526719  0.531173596717400
 44 -0.368363695694423 -0.393029608713902  0.559264910314884
 45  0.045410420936568 -0.313895976838030  0.708765500667348
 46 -0.265039303860428  0.007038600103078  0.729825973132461
 47  0.175709999269927  0.111900414512506  0.748027542622145

          48  0.222405937993816
  1 -0.090555558589228 -0.101027862775418 -0.765666759771443
  2  0.062837063567842  0.312660937809000 -0.709187680855949
  3  0.314491502128165 -0.254284446482774 -0.664143840318794
  4 -0.371546944555847  0.252483980073257 -0.634710353677055
  5  0.466225881474543  0.159147805812597 -0.601629394740315
  6 -0.044095956279416 -0.506368509688101 -0.588471753190694
  7 -0.483831732807773 -0.190590881478353 -0.578130118627125
  8 -0.144693802694880  0.613379752691218 -0.455501380587840
  9  0.301860852027922  0.569290908303477 -0.434978606986109
 10  0.651742310866646 -0.181214078664839 -0.383465700144264
 11  0.355617290189429 -0.584703053992633 -0.369203476198818
 12 -0.411906044102202 -0.562311943268124 -0.344661013979497
 13 -0.685136486546288  0.129684073558355 -0.344125792604378
 14 -0.158107032445660 -0.000596134903156 -0.337638873488255
 15  0.657777185083681  0.336982280363187 -0.241711900352230
 16 -0.520756061071150  0.528014199477949 -0.233809014528080
 17 -0.028649218161997 -0.746848875009517 -0.214589155045167
 18  0.237821917300574  0.184351096123106 -0.220769803385734
 19 -0.706027071877937 -0.278639859697646 -0.168932316714173
 20  0.161365559664251 -0.248453497164203 -0.152270063050230
 21 -0.144463907890351  0.353474252851509 -0.068741810121495
 22  0.008980150023950  0.774351749372947 -0.070365122154918
 23  0.644384774344654 -0.434847400193078 -0.018125297387436
 24  0.431604564436966  0.646611161594206 -0.016249028470703
 25  0.777473394851567 -0.011208578671410  0.007874854247435
 26 -0.435349410660155  0.026102965146998  0.009177254738390
 27  0.307579833736025 -0.710297754182343  0.074325443488164
 28 -0.506669493754981 -0.583042193362765  0.089444676331696
 29 -0.166428219984412 -0.301698413835400  0.143658681569076
 30 -0.360169227891010  0.671394316731703  0.155435916081320
 31  0.209240088174617  0.326766648253520  0.199656759256117
 32 -0.111020005873962 -0.736789821165667  0.222413675365710
 33 -0.660272493623603  0.348853690955925  0.216780676578364
 34  0.653188663624364  0.351965094777810  0.232632042156572
 35  0.238402888129259 -0.112377604536932  0.264150645474579
 36 -0.693395168080568 -0.223060296379255  0.272212729917239
 37 -0.146040408571612  0.098394227091829  0.339225652418016
 38  0.485317582545312 -0.460342977832176  0.396489233271538
 39  0.004075009065074  0.660392017815501  0.410509807890099
 40  0.645429187030284 -0.046796084036769  0.431142454782087
 41 -0.387707593442189 -0.454040222927663  0.498179509030972
 42 -0.360210362062528  0.436564837266365  0.533209305238243
 43  0.079466100874388 -0.527608128402044  0.565656545019315
 44 -0.502914720352228  0.019493714320408  0.592747239844240
 45  0.405774356549324  0.289266165493074  0.596929461775168
 46  0.304007065899283 -0.130370200515234  0.703729948181973
 47 -0.014028311992195  0.246083746213637  0.737494760374192
 48 -0.136025928656709 -0.181625358649599  0.743748412499657

          49  0.221278176587584
  1  0.036136513587068 -0.011334038929280 -0.777800340836950
  2 -0.253074083609301  0.305813651264406 -0.669954623212947
  3 -0.358070395584778 -0.195007230871965 -0.663449658929360
  4  0.281306180613121 -0.351207173193086 -0.635553327821779
  5  0.176601775232928  0.407404169278982 -0.639719730895834
  6  0.448730354599596  0.058453661332212 -0.633744362181264
  7 -0.108459280240223 -0.541933633993371 -0.548591103769710
  8 -0.604822411574198  0.120624712615069 -0.475444221147824
  9  0.629775993911500 -0.255704959475756 -0.380006380803063
 10 -0.328476554639334  0.609278548257834 -0.356777916707252
 11 -0.143161785730076  0.025524936804480 -0.345588088100296
 12 -0.494534242728702 -0.498503382292008 -0.336657004785190
 13  0.102369923763424  0.703032685915847 -0.318862226520136
 14  0.248557622097124 -0.673677932641733 -0.301305209721920
 15  0.702363209908975  0.171640894549871 -0.289193711797534
 16  0.256305276243099  0.195435819584492 -0.259492303702286
 17  0.223613874079757 -0.242503527119290 -0.204751765077166
 18  0.504045905888654  0.557780959162443 -0.203041386449823
 19 -0.740490807575618 -0.170163549917515 -0.170661678282608
 20 -0.164510279411849 -0.744344027133398 -0.159047211536154
 21 -0.652408899202444  0.402335618719039 -0.137464018601888
 22 -0.185582330272331 -0.315272167943615 -0.052701388582621
 23 -0.098623051457256  0.371994603369203 -0.061335786859362
 24  0.571356764565614 -0.527887466555358 -0.035971495626862
 25 -0.408410364231173  0.062445083804732  0.006741615626625
 26  0.766552982355716 -0.135143587616323  0.023246811103967
 27 -0.562060712298784 -0.529692845237500  0.099603833526338
 28 -0.003749887251694  0.771562906188527  0.105281994653745
 29  0.710050144498581  0.288648063574562  0.137545505019080
 30  0.233136753258908 -0.722665393608152  0.172654746299733
 31 -0.421269358518949  0.635211058762931  0.159520270364199
 32  0.282042815104378  0.178276542070352  0.181981663847632
 33  0.145709717377112 -0.239907353767463  0.230886075322505
 34  0.422758089329039  0.612757771001277  0.228497681045481
 35 -0.714362540879498 -0.151032647874506  0.270708288980890
 36 -0.195551759768363 -0.699768465578659  0.280162956316392
 37 -0.662821239117495  0.288090107454632  0.289965124144758
 38 -0.121811090930880  0.094527019551133  0.342431549461728
 39  0.500781410611482 -0.448034033090615  0.393562145330679
 40  0.644539797564715 -0.031620396834945  0.435862682639835
 41 -0.435473762584791 -0.403036140527906  0.504313543133012
 42  0.075146065334435  0.590955473029107  0.501530035013312
 43 -0.336830264937488  0.436674396404571  0.549789525551008
 44  0.099347938545848 -0.529150780608563  0.562616313968571
 45  0.409406773747011  0.312847921558402  0.583883507084597
 46 -0.486777720380239  0.024291650755808  0.607342609162022
 47  0.303752906564613 -0.097890874277695  0.710323325497238
 48 -0.126881380352267 -0.194444161535309  0.743303613352909
 49  0.005978261962941  0.227696321177009  0.744665242887780

          50  0.219758275473346
  1 -0.012378549106146  0.176156604629757 -0.759995243971743
  2  0.248230865296218 -0.175334115330892 -0.718621273138884
  3 -0.362657625506618 -0.078894404167016 -0.686317906181501
  4 -0.101890885386203 -0.430035584524295 -0.643012279984130
  5 -0.377547471569352  0.348971852691541 -0.586901781759902
  6  0.231601863871123  0.485501794855600 -0.565177611495482
  7  0.539759016681897  0.173467543544405 -0.536046979228114
  8  0.275005222812509 -0.565464668995148 -0.461951277906583
  9  0.585570719310179 -0.254759367556660 -0.448309877228927
 10 -0.477410372384906 -0.455776475512671 -0.416082070511191
 11 -0.021545049151033 -0.061961847620277 -0.390684564769504
 12 -0.137240355743369  0.660811921396313 -0.391496919513132
 13 -0.677989491908132 -0.066328196049967 -0.380405005176372
 14 -0.134568845170130 -0.706382390472477 -0.302807353002355
 15 -0.652749370210751  0.350792353370759 -0.244213294475132
 16 -0.209909730161008  0.278762709247016 -0.186722992179372
 17  0.249859092225487  0.714232868857534 -0.190312878618654
 18  0.227323156601381  0.234253281364294 -0.182127575390804
 19  0.758528799200107  0.044841483797572 -0.177201723488238
 20  0.606155796858705  0.457090329572504 -0.180057572010217
 21  0.203342826321851 -0.298842348686519 -0.096092630419516
 22 -0.236377634141745 -0.294513226310786 -0.085821289688372
 23  0.595577978274837 -0.497343008322842 -0.081938712210834
 24  0.231367877393158 -0.742558992545724 -0.062066066351829
 25 -0.676896127241410 -0.386852769452143 -0.030556773146298
 26 -0.352540910616334  0.695983615121209 -0.009942963187169
 27 -0.778635882706474  0.035655214682610  0.035100092879831
 28 -0.368742628333585 -0.684191658468496  0.068467490271627
 29 -0.357091849641371  0.050217157361505  0.158645150845512
 30  0.340712472775753  0.013980039055299  0.180911494121928
 31 -0.630061361775573  0.419477755377886  0.189309909494900
 32  0.732033946906058 -0.185544255541842  0.196154985929210
 33  0.034085120066090  0.755906403624905  0.190317792760605
 34  0.447343482269786  0.606683090874743  0.201485941965527
 35  0.708520191838222  0.253220146528323  0.206532912248943
 36  0.004941872524813  0.304468274402186  0.201513761669778
 37 -0.024338042580637 -0.205736618036170  0.288788813921146
 38 -0.002420016915719 -0.716360484944549  0.309190795174217
 39  0.416221472799048 -0.582520510273560  0.310172031917691
 40 -0.650820447700210 -0.214679411450135  0.372991479590416
 41 -0.296645817376544  0.584342248421584  0.423464927042294
 42 -0.339775464264937 -0.501662500523970  0.491593854867928
 43 -0.534271809574725  0.174263701942294  0.541260514328767
 44  0.177971931064280  0.533360545863569  0.540952550265034
 45  0.491136371437351 -0.229557111803992  0.561128992089954
 46  0.477730416688271  0.214131008965851  0.578531491203834
 47  0.113249758160155 -0.442278741281377  0.632725182033680
 48 -0.144930993180502  0.288069891809860  0.710484266779142
 49 -0.264767612628125 -0.134650949258619  0.721487617259840
 50  0.158811493303921 -0.025147651368440  0.763494370586684

          51  0.218550275685041
  1  0.208064648140044 -0.043288954776762 -0.751996569287799
  2 -0.186098206226310  0.145502001417298 -0.744889452774593
  3 -0.110688835508130 -0.337133341994307 -0.696241885440346
  4  0.234438184537763  0.378914346589483 -0.641970659151357
  5 -0.485828038693871 -0.136059073978054 -0.596760183691091
  6  0.369274234056897 -0.401215863345293 -0.559755341817930
  7 -0.162803988202241  0.534299311463990 -0.546518781769186
  8  0.574739927256971  0.037330957261593 -0.528151549444087
  9 -0.522409472638943  0.289500053107952 -0.503926310797591
 10  0.035284248045834 -0.651554857470539 -0.429994140865092
 11 -0.394082894879767 -0.526241699109831 -0.422412142004825
 12  0.548879697756335  0.437115302148146 -0.343983955513587
 13  0.187435131955634  0.682571505440605 -0.331101016158580
 14  0.058158204925921 -0.223473696573542 -0.309412715449412
 15  0.078115683073247  0.211365946585347 -0.269750695688943
 16  0.673256979301968 -0.296430862734077 -0.263661629881644
 17 -0.735934759501956 -0.005947676071963 -0.262732423842330
 18 -0.302019262185524  0.003764155616635 -0.210964542661850
 19  0.408599903059085 -0.637248376726787 -0.193969835827909
 20 -0.211897089742680  0.734700218444106 -0.161179663756598
 21  0.760391281657762  0.113614689358919 -0.139858760085547
 22 -0.582345136175354  0.505023956549389 -0.128407877655073
 23 -0.661423037124498 -0.404246496336666 -0.098833232227113
 24 -0.218990927678649 -0.745077232883734 -0.086985988898714
 25  0.366524912221555 -0.090254455502931 -0.026522047597045
 26 -0.199248705112399  0.346734622947108  0.039767112990218
 27 -0.059086510117139 -0.375599283709403  0.083230092381156
 28  0.624179899792935  0.462269946231506  0.085846497526266
 29  0.275136338554218  0.725218666852395  0.094981851359817
 30 -0.747047312669486  0.190570282448223  0.127541960596605
 31  0.153513223650232 -0.753032196731634  0.141562256558618
 32  0.620782843591698 -0.453237046380005  0.140955711210495
 33  0.224139593507488  0.292868808055586  0.134094810862370
 34 -0.297231178120108 -0.037254890769400  0.224180725142587
 35 -0.462021880131286 -0.579134978390080  0.248600343356555
 36  0.733557031769181 -0.049496182129780  0.264778928029569
 37 -0.126536688316438  0.723307811444285  0.267353601145583
 38 -0.693535176824446 -0.210914550260871  0.291869290312054
 39 -0.507430546540349  0.511731861350146  0.302172821658074
 40  0.129713983706962 -0.079200923200981  0.343151767944633
 41  0.338889598326237 -0.527259145934106  0.466706872466049
 42 -0.090374420198523 -0.612989581765311  0.476172141617813
 43  0.548908528197473  0.284433414285944  0.477975660608812
 44  0.213063918779118  0.564049591465216  0.496858595248316
 45 -0.565274149015934  0.138139501147044  0.521580565501708
 46 -0.393173764922812 -0.319877361916685  0.594411535409700
 47  0.474347735765296 -0.135717548665584  0.606002181671375
 48 -0.196394792547616  0.454313961153600  0.604724384982966
 49  0.073980142347260 -0.290763289294562  0.721558951000409
 50  0.205967282684600  0.186044972882720  0.730498746168190
 51 -0.206499790023482  0.043054300292692  0.752441250582720

          52  0.216930402454011
  1 -0.041350672999113 -0.149976356446197 -0.767460232813713
  2  0.274545859511153  0.143476784756244 -0.719191892238871
  3 -0.134193050390588  0.288917195538516 -0.715344013734574
  4 -0.436623662151565 -0.015194101024782 -0.649866841394636
  5  0.384722565919999 -0.349076408396278 -0.585945563148935
  6 -0.006799316197238 -0.535444469416531 -0.571358892528448
  7  0.183682522815328  0.530651981023586 -0.545772114026336
  8 -0.421023716481501 -0.424195901789837 -0.505959347838981
  9  0.613712963277121  0.005714140583295 -0.486335009950800
 10 -0.493560063560696  0.378199480174057 -0.475984885742048
 11  0.140318625423304 -0.068652764185373 -0.362641976808272
 12 -0.187696566605322  0.665890395861294 -0.366821447280689
 13  0.557951973824228  0.416500844789128 -0.358349879023872
 14 -0.697320070712938 -0.141627979318635 -0.326931535731657
 15  0.302969233182193 -0.659493645788493 -0.294067627443810
 16 -0.228527213948873 -0.709044902087094 -0.241306100026306
 17 -0.273142311168867 -0.115217691079152 -0.239690931545778
 18  0.638721736897292 -0.386360351478036 -0.234562688777823
 19 -0.009887299052913  0.305703091635421 -0.202857523558389
 20  0.288228112785432  0.709277902481927 -0.164460957834441
 21 -0.730361139240322  0.247018824529498 -0.136939041972988
 22 -0.588760621892937 -0.503597283867771 -0.113792356465986
 23  0.778434621775230 -0.002356504809443 -0.085041055423679
 24  0.372853867491809  0.150931565097426 -0.069477719837878
 25 -0.493311437382536  0.604154463772442 -0.063682606574762
 26  0.038111989612328 -0.355515558624777 -0.049497810237231
 27 -0.088083677179212  0.777042040129377  0.040557715505187
 28  0.078189950502172 -0.776999679908968  0.057929471451632
 29  0.594851999058592  0.505129447317687  0.064755967056016
 30 -0.300541389383889  0.167624772059377  0.088157554182210
 31  0.477416610452641 -0.612529992714876  0.100391148461710
 32 -0.768170350270080 -0.114305715482394  0.100232285092363
 33 -0.362477294091196 -0.255568562273248  0.161003580291810
 34 -0.328329723425068 -0.687649342407568  0.180377296805596
 35  0.091238879531170  0.287262654918366  0.231091790491433
 36  0.693161471574024 -0.266454675996185  0.248449340039247
 37  0.253171095188459 -0.121594014699831  0.250212083979522
 38  0.262130756273079  0.683181773766779  0.278833458457063
 39 -0.658134295401636  0.313811639290389  0.285621250720087
 40  0.700494526428186  0.162992505380583  0.309739981653559
 41 -0.347447242498717  0.610579057407364  0.345935865351380
 42 -0.126932395241379 -0.023114906245775  0.441572816774945
 43 -0.000820416481583 -0.633859065021134  0.459804314038229
 44  0.394281340082747 -0.458602023679023  0.497417735249654
 45 -0.601814514429951 -0.060679296528563  0.497328169114798
 46  0.409995735272275  0.378159510566710  0.549633376509323
 47 -0.335655272534205 -0.390562554656395  0.589910521622639
 48  0.001015773179390  0.517998268864137  0.587260381993746
 49  0.480101690359495 -0.050347848379711  0.616575587968195
 50 -0.371319034490822  0.282542459894384  0.628879899171908
 51  0.064658550701581 -0.290799275430581  0.724191306100159
 52  0.117342037181370  0.138206314756146  0.761792527839757

          53  0.216288054714919
  1 -0.131760559558587  0.129458473728382 -0.761632504366280
  2  0.204594110595870 -0.141916481331823 -0.743105224997379
  3 -0.284638586296088 -0.279199403418343 -0.674709528863381
  4  0.287036902686405  0.277158000908716 -0.674535152687393
  5  0.063928771017573 -0.518756242728252 -0.583960175054065
  6 -0.520661449220910  0.071106351606173 -0.581429234936604
  7 -0.061001283562081  0.517937574942172 -0.584999081238018
  8  0.568634588474302 -0.029015616370682 -0.538532461398397
  9  0.464728263168160 -0.459710100399387 -0.432317797674369
 10 -0.460340447121701  0.470156003690274 -0.425728103512452
 11 -0.313236433295272 -0.603440932346630 -0.389803015903690
 12 -0.618899981248962 -0.297591675044990 -0.377632653959475
 13  0.582062577496777  0.370044762351578 -0.372121543203962
 14 -0.168084854180934  0.165298357528373 -0.332076758509183
 15  0.262100188424768  0.658670622481987 -0.334157022205757
 16  0.196485856186380 -0.142922460508502 -0.310606283188520
 17  0.187558324094616 -0.726786438563567 -0.225405769592151
 18 -0.725769630377015  0.197174925437656 -0.220410456165332
 19 -0.150574519865173  0.735815793263162 -0.218842745684841
 20  0.728461912715833 -0.221531031206175 -0.185665444059051
 21 -0.205517234812702 -0.239065555309051 -0.183044099925564
 22  0.218190435107834  0.263438929006995 -0.163904467199992
 23 -0.560317809113884 -0.547302982069426 -0.025919835802568
 24  0.535596118879306 -0.571767801112354 -0.020561912243107
 25  0.762286875456669  0.179840811890548 -0.027935910000980
 26 -0.184890093867998 -0.761546775041052 -0.008159399278230
 27 -0.563478331401058  0.544560429469881 -0.012268735859184
 28 -0.765463251560268 -0.167940245907040  0.008154599805599
 29  0.552603488889582  0.555449544318955  0.017595432645504
 30 -0.150261803279735  0.316089096464788  0.072974589450268
 31  0.176046965899543  0.759735377100836  0.077550214451934
 32  0.321049549670273 -0.062591148725169  0.110743481054592
 33 -0.377003162658164 -0.041513434485443  0.161466896355441
 34 -0.005238130999270 -0.345971023830890  0.185169957146230
 35  0.189120806692207 -0.731800103326491  0.207138461976406
 36 -0.724290909114583  0.211402253414391  0.211934375238691
 37 -0.234284172927467  0.718344806047639  0.208077098986405
 38  0.728796426856605 -0.156517177804982  0.241997013278127
 39  0.241533671446800  0.370504788201515  0.254561882177850
 40 -0.598326122330001 -0.355535595877960  0.360284199742057
 41 -0.011348837428084  0.041638696609922  0.377116445356336
 42  0.637768964802507  0.250788424825482  0.380210897648684
 43 -0.261281786116238 -0.624462600847175  0.394946454053731
 44  0.480465583935103 -0.474806204272285  0.397386844549452
 45 -0.453224395902532  0.441591027136515  0.461018450232046
 46 -0.014347934257185  0.561910062289379  0.546127853037201
 47 -0.547726302073963  0.024834393302087  0.559985324904344
 48  0.098146321412203 -0.496207657859213  0.598623147779679
 49  0.495028876605437 -0.093106050005855  0.600401605562136
 50 -0.276476020552557 -0.292858508099943  0.672308944961632
 51  0.285553599192301  0.277977625119894  0.674827369010047
 52 -0.196860262424885  0.214280724210426  0.727691020620967
 53  0.097654226105686 -0.099550124151369  0.771205444799031

          54  0.214920660994050
  1  0.128639992537446 -0.011616343573342 -0.774381289427868
  2 -0.336689602735916  0.048394393215823 -0.707564570826169
  3 -0.142371305571333 -0.335735787311137 -0.695242016137188
  4 -0.051519771905761  0.369577165445523 -0.690730048874412
  5  0.368614443121341  0.318273420875981 -0.615771865564076
  6  0.262894860128550 -0.438697811687815 -0.595634192329763
  7  0.509857865539918 -0.086919817152383 -0.590626337769738
  8 -0.564379985723099  0.307366598396687 -0.450944047170889
  9 -0.417997853055616 -0.515869028403678 -0.418934969784999
 10  0.162567616153493  0.641847881445808 -0.421844224336157
 11 -0.266226409078452  0.614278856916934 -0.410042136356783
 12 -0.665762207922857 -0.107464184937343 -0.401947384605814
 13 -0.023094946445465 -0.682610760029378 -0.387115928727834
 14  0.099847085618136  0.125772311383348 -0.341052021953665
 15 -0.242859082752521 -0.133425620599378 -0.329542186808920
 16  0.724718668208857  0.116190642660545 -0.278625474502472
 17  0.672315367450615 -0.310085507922781 -0.261129435823994
 18  0.539316913269767  0.503836833706544 -0.267647679974539
 19  0.388045817769657 -0.639983454628207 -0.237046808980089
 20  0.123675801395369 -0.305102771649962 -0.184826269929241
 21 -0.668544740421910 -0.401888709876782 -0.088786054433080
 22 -0.552456571348000  0.549481384852419 -0.095976627410519
 23 -0.760345750599122  0.173295529368672 -0.090512803407626
 24 -0.344902818285038 -0.704152865586774 -0.039501346293383
 25  0.383700676821937  0.005686124635351 -0.041435586153643
 26 -0.333935775250725  0.167663475406335 -0.036601997625993
 27 -0.138626836411575  0.772115718930634 -0.031136559552511
 28  0.037437877256502  0.381148793624603 -0.000976287567581
 29  0.288196392605031  0.730265235293039 -0.002256977152198
 30  0.073760935066436 -0.781354167533942  0.019863480799748
 31 -0.231648998207737 -0.302960835340526  0.065294117316790
 32  0.704450896467545  0.334339311638242  0.091190611870716
 33  0.769776945591214 -0.110623115816441  0.107496738635837
 34  0.592451080853717 -0.502110063907169  0.115051158414070
 35 -0.742791833925833 -0.117875571787686  0.225200376471359
 36  0.156862766535484 -0.243280797147680  0.239249467294556
 37 -0.380282816421573  0.622076567618317  0.291127621651926
 38 -0.534267779627079 -0.483767184250728  0.311250413057544
 39 -0.656728866028688  0.293735679840051  0.314282679588302
 40  0.227897570761981  0.172320515061537  0.322874630773967
 41 -0.175827124019854  0.025446857339889  0.336948066006952
 42  0.438968154554326  0.545364370855814  0.355294569086314
 43  0.037782171315495  0.699675441261989  0.354085234032068
 44 -0.154008760697814 -0.675753219584012  0.368766067883330
 45  0.273918162806134 -0.635297009018608  0.371101224669147
 46  0.633487069624207  0.109516927561543  0.450610412363533
 47  0.529855658980067 -0.305569854544066  0.492168277294195
 48 -0.526323195083835 -0.015984071206484  0.582304020524010
 49 -0.316618624473021  0.356971190343870  0.623437073356493
 50 -0.280133594972231 -0.364127650491531  0.636620602595824
 51  0.108441320599324  0.408062693950835  0.661872258314457
 52  0.147541873084446 -0.364096776991856  0.679716485900478
 53  0.308542673100786  0.032290201314357  0.721185364735668
 54 -0.117078905779559  0.008268171944318  0.776256217161704

          55  0.213441684044414
  1 -0.189675718522408 -0.041567293532242 -0.762213399456017
  2  0.230613822071411 -0.113879816685715 -0.743318664383002
  3 -0.097750687149948  0.374619308717695 -0.680606427595017
  4  0.327341820486338  0.291950954175228 -0.652905779814936
  5 -0.342703730663344 -0.398570260401809 -0.585123820153945
  6  0.063290375455674 -0.530251729421646 -0.577495814892991
  7 -0.560472749691398 -0.033012419314096 -0.550867008835417
  8  0.459319266101767 -0.386880627872452 -0.507959817272624
  9  0.612118840049608  0.014001474611078 -0.491817871322729
 10 -0.485753275080242  0.382303530376109 -0.486376141283336
 11  0.175605658605466  0.628682718968317 -0.438856099348328
 12 -0.194341147218927  0.097682609010389 -0.358707379218636
 13  0.137643808989250 -0.169173702019625 -0.330367610548475
 14  0.558789426379083  0.445407491697824 -0.328695189659468
 15 -0.230754192775261  0.680939332773913 -0.318979798728606
 16 -0.643831607120646 -0.353471396854891 -0.281447717483698
 17  0.292367942606716 -0.685221179621303 -0.252323018238905
 18  0.190053337849278  0.246275762688215 -0.247395365131694
 19 -0.737355390167185  0.166423814627042 -0.217449136386574
 20  0.714837998253229 -0.269912802381105 -0.186621809451578
 21 -0.230161091794995 -0.325128788312019 -0.179944952782142
 22  0.765647813328665  0.146087210848344 -0.105432144863271
 23 -0.565672675946725  0.537986219975185 -0.096209322531454
 24  0.085565596732425  0.780284253837408 -0.050089881893547
 25 -0.140810839991998  0.390428787707601 -0.019408060331536
 26  0.395542816071462 -0.045696739386300 -0.013396079025972
 27 -0.038102625377082 -0.785633543272809 -0.001452591776860
 28 -0.442871742690892 -0.650024212765886 -0.002669596019707
 29 -0.394080483042425  0.048557993810264  0.015351947435695
 30  0.152725472898355 -0.397246563250751  0.030166331452058
 31  0.471987276055858  0.627407097758313  0.047563949822825
 32  0.543524145709380 -0.564115608278284  0.070915921531040
 33 -0.769460425854099 -0.147094396253815  0.070483161351059
 34  0.229366055751101  0.299831629106048  0.174286740771979
 35 -0.713694892540810  0.265439850559062  0.197117402821845
 36  0.744292116676310 -0.133198513678386  0.216705757667517
 37 -0.190629817515076 -0.253262050122792  0.238984468775607
 38 -0.297222713353108  0.685098041812819  0.246927754961128
 39  0.667265687809756  0.312646152488669  0.275105062965305
 40 -0.574536900325810 -0.421526035248832  0.333012216247836
 41 -0.138235921667279  0.158437073182269  0.338925058620762
 42  0.203896090805919 -0.673368651057219  0.351674605745611
 43 -0.222672233832165 -0.661379565728409  0.362861034992710
 44  0.195992013943206 -0.106355991127895  0.359067801771862
 45  0.112819251126599  0.687211434452443  0.365631296980900
 46  0.505213109970931 -0.390710274041164  0.459106937075737
 47 -0.613520509568689 -0.027059893673717  0.491461423604973
 48 -0.453150205756412  0.388950601749492  0.511904585660760
 49  0.548547315470816  0.020982779684984  0.563320113297349
 50  0.367312897518217  0.407484242359236  0.563659304850525
 51 -0.290966804734479 -0.346800634279161  0.643227504857391
 52  0.132522232610778 -0.394868373389963  0.667226205989472
 53 -0.048058054011125  0.424029214007572  0.660729622093387
 54 -0.275508943299727  0.070168329224140  0.733379309862670
 55  0.159653099253649  0.054102991904817  0.763364216566423

          56  0.213067867576129
  1  0.141812882440339 -0.021017332644145 -0.773763244890623
  2 -0.233155189386108 -0.216166358121408 -0.719842305175261
  3 -0.270370819918364  0.208205068228848 -0.709092695168744
  4  0.271641512181945  0.363239879087484 -0.643062874174210
  5  0.217955583158464 -0.415511982880261 -0.631749425717308
  6  0.522666919328033  0.023347970120269 -0.587823395904403
  7 -0.100814204002733  0.561615075803933 -0.541929046577224
  8 -0.582854719011453 -0.228795136395980 -0.476650126538118
  9 -0.306172530606336 -0.552800740326346 -0.468968979824824
 10 -0.611860120120275  0.195774420991399 -0.454490649555154
 11  0.573169111439898 -0.357569915703531 -0.403587792327950
 12  0.003670657069562  0.152244681345911 -0.387594065678751
 13  0.589907371403565  0.378098009913108 -0.353833781501203
 14  0.060877416854530 -0.714223461846026 -0.324716749963683
 15  0.260177623399155  0.661056285497961 -0.338488364241940
 16 -0.028768280390235 -0.266867552421927 -0.317705108425818
 17 -0.455863656286288  0.563595160391527 -0.306285819295842
 18  0.752555166420325 -0.003519089554613 -0.230022865263353
 19  0.330550413108148 -0.061209576382064 -0.216776707884794
 20 -0.348192704674482 -0.013695694572182 -0.193351932602514
 21 -0.110903638460585  0.763367302997888 -0.155669279985209
 22 -0.772663843092056 -0.045369263496361 -0.142106989797093
 23  0.430947211150562 -0.646552553121418 -0.124565156825294
 24 -0.631599058234499 -0.452780457963863 -0.098288313446477
 25 -0.295078616573763 -0.725178920470535 -0.079412369233538
 26  0.246387616315389  0.330065050892980 -0.070446757223446
 27 -0.178947580651341  0.353782047032720 -0.059531671830432
 28 -0.699455729616345  0.358240027330868 -0.020905703604895
 29  0.704569011426604 -0.350250273797788  0.013013296574155
 30  0.171908271151897 -0.355304697992625  0.047670667616083
 31  0.623737488573250  0.475538199638989  0.063852541637918
 32 -0.252601924721914 -0.330388381336718  0.075273847455311
 33  0.244125015676404  0.743902690377513  0.079208238279064
 34  0.089989537992840 -0.775861601955575  0.095931427092182
 35 -0.413156471088737  0.657869169532096  0.125586891106644
 36  0.759378663277992  0.090346022878151  0.185590471063063
 37  0.342894579252615  0.002156537624759  0.204440601744841
 38 -0.320982988199805  0.068938752637709  0.223808945474066
 39 -0.734800855585379 -0.015003524761308  0.281255716238643
 40  0.418848393530611 -0.595664732190678  0.298348338527659
 41  0.038520188022384  0.284559089208540  0.300339994839644
 42 -0.584337203290290 -0.410648331143368  0.330424215246446
 43 -0.242408645341104 -0.667276828175515  0.339472921284005
 44 -0.064637396944785  0.692388271262476  0.368351285833973
 45 -0.003842844944478 -0.162446078923316  0.389564349709410
 46 -0.577753762406356  0.366185739209644  0.389063973487609
 47  0.622733912118816 -0.240644816193796  0.416599001651983
 48  0.395802266794080  0.535914495196777  0.418805922211982
 49  0.543550621194120  0.157286010023655  0.546878427341494
 50  0.093471203914644 -0.537335668093325  0.567270389562709
 51 -0.481329026340352  0.016719299125198  0.622338344054254
 52 -0.289802968464850 -0.363746971832500  0.634794896791733
 53 -0.242307800948093  0.368271306621881  0.651862988180716
 54  0.302314386408761 -0.183849978290901  0.699914732725703
 55  0.176222139810919  0.306562225606658  0.703013186442995
 56 -0.087734571918557 -0.018568935953956  0.781805615577801

          57  0.211309355482316
  1  0.161361215052859  0.106005197558803 -0.764694964751895
  2 -0.186954832037870 -0.133117751108714 -0.754559797409833
  3  0.192892924079695 -0.310332993671654 -0.698916219204086
  4 -0.216300163352209  0.285285526093622 -0.702751265160732
  5  0.528923793083271  0.000039871883431 -0.585040641554376
  6 -0.533430640018140  0.034394821521699 -0.579915236299277
  7 -0.201372184407677 -0.511046197337507 -0.565962861222777
  8  0.387117358312597  0.398618327045539 -0.559711097787251
  9  0.012740738432675  0.591050006729504 -0.522044534382806
 10  0.525740679802219 -0.395149216723398 -0.435300777478864
 11  0.178750695122356 -0.636352989821931 -0.430274324225467
 12 -0.504795788473041  0.428075654948965 -0.428911853799371
 13 -0.565774993102062 -0.355162591560834 -0.419274520434848
 14  0.198750434857325  0.092366765435317 -0.337597482678440
 15 -0.158417251923040 -0.133500025261246 -0.332905869116652
 16  0.751577190626647  0.061315756393576 -0.231095299167589
 17 -0.741635167679157  0.141419771143575 -0.228058455534813
 18 -0.165804131070324  0.275747429523261 -0.227697185329539
 19 -0.263564009702103  0.708591177649716 -0.224645250331395
 20  0.269940564132679  0.711006131579182 -0.208890654272170
 21  0.608509631177891  0.458103471983695 -0.204670883297913
 22  0.198044224228664 -0.298561637425826 -0.177032667228749
 23 -0.064382463801193 -0.777632332202900 -0.114785831082424
 24 -0.460317734839272 -0.629846721262845 -0.115903509250600
 25  0.445353336983987 -0.642808935984816 -0.102420748898913
 26  0.717418476383119 -0.322530915629118 -0.057597490893996
 27 -0.748043063599087 -0.243897448426158 -0.054576024060212
 28 -0.404190176078076 -0.001313466932074 -0.015527611501578
 29 -0.622423974070924  0.484239201559261 -0.011563378318651
 30  0.184657436760123  0.351378162925085 -0.003948986462292
 31 -0.170819120089517 -0.356531090316939  0.025855768385902
 32  0.415961092131474 -0.000786145950710  0.028997840749054
 33  0.732427002700236  0.254476761185022  0.144309377664960
 34  0.097458603264609  0.763199466503070  0.173382028275300
 35  0.485658555328116  0.596156683818913  0.175402134320996
 36 -0.758491785127874  0.099102888503887  0.192098313718352
 37 -0.185798981770110  0.293611327798458  0.194070161767373
 38 -0.319053160311688  0.694672293961755  0.194083532652193
 39  0.193640228332970 -0.730528696680071  0.225530969154549
 40  0.182223666678947 -0.278972413950786  0.244835258951792
 41 -0.577298128076432 -0.471373221623996  0.258005988312251
 42 -0.226015762516836 -0.706073923410006  0.269089989639249
 43  0.541545447777988 -0.497911465774276  0.284333664892443
 44  0.696120470185700 -0.110760082596960  0.353809875273812
 45  0.168552273902034  0.128817626288952  0.354957695168129
 46 -0.189360423468251 -0.095894883733586  0.358017720969680
 47 -0.549095234993736  0.403825166305419  0.396802962079785
 48 -0.591143421282924 -0.129319248798819  0.505824989609791
 49  0.241856554766446  0.544545952071041  0.516728212650776
 50  0.539769607391886  0.244809783563857  0.520336308128834
 51 -0.178586382087514  0.529306061509158  0.556753922421991
 52  0.105079701476653 -0.521676077454306  0.582104165333993
 53 -0.308352810943617 -0.434040053084357  0.581859698768885
 54  0.385082968321403 -0.191823577916787  0.651686720756149
 55 -0.348904245586082  0.165372256669024  0.687714168013075
 56  0.062566307477310  0.240115146127549  0.748640839467443
 57 -0.036533240815719 -0.170203707648613  0.769239203998264

          58  0.210480099018006
  1  0.202203795694352 -0.006055675731250 -0.763163565590529
  2 -0.217514855250472  0.025916320414848 -0.758523108499760
  3 -0.034494965902935 -0.349662452594100 -0.707027538798774
  4  0.020311329291051  0.367983902287871 -0.698224155702191
  5  0.372394802921735 -0.354423800726240 -0.599205769566904
  6 -0.433758245712566 -0.319754198113158 -0.577020546524978
  7  0.569885749526598  0.013544190462383 -0.546249449828411
  8 -0.537191003722806  0.196464370934540 -0.544214342441650
  9  0.407650720688234  0.408851118586097 -0.538519569560733
 10 -0.301678270742768  0.541058419714932 -0.489476946815525
 11 -0.188898789839134 -0.631286766849895 -0.434897619267030
 12  0.099525817881342  0.666190138358289 -0.411857967236073
 13  0.203681626853098  0.090502496883203 -0.353429720702236
 14 -0.243536262253890 -0.027079561269351 -0.341723622856368
 15  0.661722221344814 -0.312506128917198 -0.296319582907186
 16  0.073439210290880 -0.315674801924461 -0.291057277284755
 17  0.379942495811988 -0.631759026883494 -0.282605433698302
 18  0.690716590489299  0.288383395180559 -0.251171819783964
 19 -0.668336422772650 -0.352452214683374 -0.229009904604274
 20 -0.610116151329934  0.451508560484750 -0.217347591985636
 21 -0.759387335662263  0.058011174852825 -0.208103861561136
 22  0.448061588641059  0.624806775632400 -0.179440742182233
 23 -0.082457722628821  0.371466111776865 -0.172635837261571
 24  0.027991666532955 -0.781737564345511 -0.106979068711925
 25 -0.307394873030905  0.720104417202608 -0.101487410087273
 26 -0.421710617753117 -0.661957951494312 -0.085519000078077
 27  0.387062005721446 -0.163711462579428 -0.014132762602489
 28  0.788607067233385 -0.037774728673332 -0.003692889089965
 29  0.098041221058202  0.783372677009724 -0.007539359034574
 30 -0.001662530263782 -0.002958409853146  0.001966289940114
 31 -0.333812602456773 -0.261459341612240  0.009782053011661
 32 -0.402734980123514  0.163707893281958  0.027598797983448
 33  0.300704316675324  0.288852861304568  0.027025458097476
 34  0.360634653107789 -0.689453162407752  0.133935274929307
 35  0.055555341564721 -0.399405098873549  0.131440713046369
 36 -0.756574261937795 -0.175080838015103  0.142421067191009
 37  0.694926919112414  0.335386640279227  0.167134833777273
 38 -0.548046571442226  0.535454172337148  0.190461174268609
 39  0.646324778219965 -0.393883029358053  0.224637740126748
 40 -0.181059427483604 -0.725282475605156  0.254016708792909
 41  0.400228491296354  0.634879349427260  0.245126577294045
 42 -0.536060519256622 -0.501917366142825  0.289930597393904
 43 -0.082910302644879  0.298656426284490  0.284162637250449
 44 -0.179888240646754  0.708005987856280  0.299515301918425
 45  0.251649426238914  0.013784579031461  0.355302720267211
 46 -0.678783657973071  0.174635953010217  0.363451102119015
 47 -0.158707373542047 -0.116714952438065  0.375602281982303
 48  0.679311075084390 -0.013590233982362  0.402111231942867
 49  0.150258619408159 -0.602207137302253  0.487965762244027
 50  0.480508327869068  0.334955257114977  0.529394367769555
 51 -0.536293801570289 -0.173220363694440  0.552924351105528
 52  0.121316509223505  0.553528303191260  0.549754851004195
 53 -0.385209122297724  0.406419301897039  0.556577898582721
 54  0.437593483445264 -0.308693653264897  0.580139505400923
 55 -0.238117963454547 -0.472647950046520  0.585871508817162
 56 -0.244621813341509  0.059044480458832  0.748341894999522
 57  0.062028330030822 -0.229316577710310  0.752932976769802
 58  0.158432350623380  0.180455446732767  0.752114798112170

          59  0.209759446545646
  1 -0.064340871255566 -0.172062746005282 -0.768592737440993
  2 -0.057575562455346  0.246918300408465 -0.748462784549230
  3  0.342617253980586 -0.218322781048580 -0.677811709012067
  4 -0.416553906058813  0.043643003602054 -0.670118096985583
  5  0.357182290879988  0.209265453458742 -0.670736516607945
  6 -0.109537671682738 -0.537956583375688 -0.568405053751650
  7  0.144158420929749  0.553525482372888 -0.545259591720076
  8 -0.367988591173472  0.440524034523598 -0.543141882105456
  9 -0.479466906809522 -0.344916595097361 -0.524999200023005
 10  0.293847060206906 -0.572621665932478 -0.458517682577581
 11  0.669827105361611  0.096785835732883 -0.407975836598462
 12  0.617339437550828 -0.318276760648443 -0.376924468294913
 13 -0.169903069430831 -0.109702763451215 -0.367389601171090
 14 -0.682399662628143  0.157435448286338 -0.365755967192184
 15  0.512961993321024  0.482686879510588 -0.358278525843084
 16  0.283595811292091 -0.031886182131306 -0.306659495563633
 17 -0.065207216936513  0.290007585300005 -0.294818827217586
 18 -0.171945197004725  0.713761539806787 -0.292334475974853
 19 -0.113667026378129 -0.753681409910132 -0.208624715204292
 20 -0.727484468361771 -0.228694789057756 -0.207232174321605
 21 -0.497455909375830 -0.586312251116921 -0.182361439841644
 22 -0.568406355515260  0.517680799988740 -0.182759231385778
 23  0.230853700185287  0.734756685744899 -0.176972636833425
 24  0.075365841860143 -0.383074179868808 -0.154652894526710
 25  0.285945687834502 -0.734031119182355 -0.062558069060635
 26  0.781461030896557 -0.103041009077038 -0.056403368359673
 27  0.280338032767460  0.305561571882032 -0.057431684412907
 28 -0.381903005884150  0.166530214858415 -0.048946418846954
 29  0.718398997066519  0.323380815720035 -0.023799420738226
 30 -0.000379382328692 -0.000756162994017  0.000562106829647
 31  0.620106459220673 -0.489809289535722  0.005913665627452
 32 -0.339925487120136 -0.247039384196096  0.007570625633912
 33 -0.782631760914187  0.095695587331906  0.053009562320419
 34  0.388280214436983 -0.133062564233663  0.086787600121950
 35 -0.325698694003157  0.713300645976759  0.097993272716135
 36  0.468501171569211  0.618767582389906  0.148705963382342
 37 -0.088048482153503  0.374442368872897  0.166502735614052
 38 -0.048262246094315 -0.761473609312786  0.205691103954282
 39 -0.706476908676487 -0.286745759733470  0.207719472138825
 40  0.077666634920167  0.757036139321059  0.212942034145178
 41 -0.616392434207546  0.439530289108288  0.226613380743329
 42 -0.437948078656601 -0.608279704239605  0.248213869051213
 43  0.058463888009398 -0.319194146740490  0.267265892249966
 44  0.719293816849374  0.074141425670263  0.318746900166387
 45  0.326849618952142 -0.632733650731158  0.342487351806021
 46 -0.242353764077035 -0.014710634803697  0.342979648662077
 47  0.187470671079730  0.120710675448469  0.355462467851982
 48  0.606025782498521 -0.323331835680138  0.390729327420671
 49 -0.644679704175066  0.084964546637173  0.449053258834616
 50 -0.302317587543729  0.547661962925414  0.482856689867982
 51  0.488716925208308  0.378706159941182  0.492156015671234
 52 -0.151817089496909 -0.546193589565500  0.550549059011168
 53 -0.479280897822199 -0.284149975160081  0.560382677215413
 54  0.108109388325113  0.537484190643221  0.569124972411892
 55  0.464264281991017 -0.016529735017499  0.639269564934433
 56  0.238062749840217 -0.369407576084086  0.656768073366875
 57 -0.305987329259338  0.190686639758094  0.703200179233728
 58 -0.123702688488168 -0.183058087467609  0.758727562302400
 59  0.108262225800556  0.166442136810474  0.764889820747090

          60  0.209426992286691
  1  0.091584654102209  0.116140945719313 -0.776613935555107
  2 -0.264583041321073 -0.100887993588557 -0.738121331511938
  3  0.111065513682912 -0.298984510411643 -0.723310463582046
  4 -0.108214670134346  0.456491150302893 -0.636326243291008
  5  0.476774677013041  0.043197649023842 -0.629146684806326
  6 -0.463449397821980  0.238572367097031 -0.594393433976314
  7  0.307061794371655  0.424338458677402 -0.592161808502889
  8 -0.233992734473770 -0.486602255616800 -0.577379434149786
  9  0.472475118204711 -0.361366073096130 -0.520756658340616
 10 -0.601321686679165 -0.143650550844931 -0.492729569739972
 11  0.144343892917182 -0.624904127593350 -0.462126646960879
 12 -0.403962990021586  0.578389989989689 -0.356623466939315
 13  0.197802033267295 -0.095680446935904 -0.349279218142006
 14  0.633094886356387  0.316109710788161 -0.352521199560658
 15 -0.218422261523057 -0.134605540306225 -0.323186423631152
 16 -0.010937480015527  0.720235837080198 -0.325641037824725
 17  0.719044926588801 -0.092148343433444 -0.315418372424522
 18 -0.536896657569531 -0.503562088219018 -0.288397092433391
 19  0.053088189521158  0.292313908937818 -0.286374976382367
 20 -0.719828663206616  0.188645674350564 -0.266955400207345
 21 -0.189784973746790 -0.731293279115514 -0.232803531298982
 22  0.392427147558282  0.641368333302030 -0.244240172741910
 23  0.460514689281831 -0.614668243480692 -0.187389553405669
 24 -0.326640039860170  0.218576055531431 -0.125726723422864
 25  0.030127217791788 -0.396370252671027 -0.110722186438414
 26 -0.757992414760384 -0.196973064410779 -0.107957360041895
 27  0.378548757267281  0.151483169915513 -0.063483086850487
 28 -0.614743906560323  0.497072854162283 -0.003766243557052
 29 -0.268627030541470  0.743455162275267  0.003913457294687
 30  0.710044392136497 -0.347223503403967  0.016687516080700
 31  0.137875404557984 -0.778091073189589  0.023881691010314
 32  0.641063048481635  0.460878009856122  0.040438780728977
 33 -0.378548748605528 -0.151483117183839  0.063483094079215
 34  0.784787952742570  0.068149297321474  0.066067787818509
 35  0.144562443843214  0.774429635074512  0.066076525580479
 36 -0.030127256439618  0.396370182238058  0.110722167819673
 37 -0.595840926370297 -0.504014290097317  0.126288777068220
 38  0.326639963885285 -0.218576020685198  0.125726672450065
 39 -0.764966745898891  0.135951649975160  0.146111882475979
 40 -0.246762664560873 -0.728653384949916  0.182148569451832
 41  0.456622165677155 -0.602508224125180  0.231269795258036
 42 -0.053088232709564 -0.292313976281208  0.286374956002505
 43  0.218422298332116  0.134605571186927  0.323186441562397
 44 -0.197801985803161  0.095680398757813  0.349279288100104
 45  0.391232006255319  0.590847465680125  0.350488882370275
 46 -0.414593020008668  0.570864441753376  0.356696081405885
 47 -0.660504690358361 -0.186700351563503  0.392145374649843
 48  0.665874836009636 -0.166562814890061  0.392133831169360
 49  0.628221158443151  0.250373133403532  0.409332236986731
 50  0.089115559061360 -0.661735849178330  0.423284494838025
 51 -0.012977835401119  0.658954144812634  0.436596714769383
 52 -0.383290750576937 -0.484005974524057  0.493688038406627
 53 -0.567775517778836  0.211516941840555  0.507835800616869
 54  0.366674954253998 -0.390739249318973  0.581272739330978
 55  0.205144554644633  0.381048205558633  0.661606875164600
 56 -0.213568287514571  0.370664870573397  0.664832174925196
 57  0.408028307117166  0.014932507383883  0.676975332888279
 58 -0.372959600888826 -0.112841866491149  0.687800342679646
 59 -0.035230915933274 -0.370535612267023  0.697472453312151
 60  0.005189572838131  0.036026223817825  0.789734676999846

          61  0.209108658611283
  1 -0.014827747855728  0.169149063717824 -0.772449251420800
  2 -0.112029565200534 -0.236771416920475 -0.746255845226082
  3  0.287892798669120 -0.115880742382162 -0.727460310878239
  4 -0.406644954189035  0.059464691958408 -0.675731415228367
  5  0.370252480779791  0.284359089752668 -0.638405922887749
  6  0.172802288778114 -0.499265426540726 -0.588542705959215
  7 -0.271541859914003  0.446631480880766 -0.593543976874790
  8 -0.233369081360531 -0.558846477232193 -0.508663543641316
  9  0.117646632378808  0.592265187628556 -0.510774246844878
 10  0.619185597853341 -0.018003200179457 -0.491725730542894
 11 -0.554621663062258 -0.283394624742040 -0.487433494348735
 12  0.537057515004174 -0.422916465780733 -0.397768780113170
 13 -0.691691443867257  0.094393271288959 -0.371701453723068
 14  0.028750355469467  0.212907714632103 -0.358816739236824
 15 -0.186409942323078 -0.145449545232469 -0.344965925498028
 16  0.486674196957945  0.533183424581352 -0.323067756970197
 17  0.230673754510185 -0.150659218437799 -0.314638117902104
 18 -0.556588364349082  0.481560100863942 -0.289514033875331
 19 -0.207469991701123  0.711443018475801 -0.276250154550583
 20  0.271849051043279 -0.703732826739872 -0.237418019322928
 21 -0.506612917737896 -0.576011992336790 -0.192516623045749
 22  0.735607325821814  0.230821141887562 -0.176387574785316
 23 -0.134322342384569 -0.763313910962657 -0.157538869955471
 24  0.757288388369451 -0.184664491707021 -0.133874703461975
 25  0.182427959335057  0.758098820102277 -0.132345504253173
 26 -0.744337608546063 -0.240268043971935 -0.117225873566684
 27 -0.201923368725885  0.363566958916427 -0.044178599671805
 28 -0.417083694223970  0.005209714131013 -0.030327828350125
 29  0.215160327232838  0.358357243922735 -0.013850825933260
 30  0.579657201742169 -0.538054407883661  0.002023983459180
 31  0.000000000074957  0.000000002089430 -0.000000004016129
 32 -0.215160316591974 -0.358357247887081  0.013850811227807
 33 -0.747263947162327  0.258899346386488  0.008765591575689
 34  0.417083692464434 -0.005209704828934  0.030327820195718
 35  0.201923378109010 -0.363566955842415  0.044178603472538
 36  0.587042226477096  0.523481439477826  0.082811356338855
 37 -0.514661370777688  0.588768509063098  0.118255782062837
 38 -0.136688892410020  0.766699055210149  0.137832576709400
 39  0.142474168359260 -0.762157104432387  0.155970424751684
 40 -0.604402258220458 -0.467058428090801  0.205093756343299
 41 -0.262857293357612 -0.705568255134018  0.242050809871588
 42  0.734313171814996  0.166033238234271  0.242334981494950
 43 -0.740310419817861 -0.076506514130735  0.267574941816885
 44  0.696394500117222 -0.248707949168564  0.280514117202013
 45  0.252050366578698  0.697188927632944  0.275512841196805
 46 -0.230673753819771  0.150659217060903  0.314638112926389
 47  0.186409940324048  0.145449549202317  0.344965919721288
 48 -0.028750350939927 -0.212907714781063  0.358816726137797
 49  0.421428266503394 -0.544526327816347  0.389099483717932
 50 -0.612077745965713  0.297967566600145  0.402598157014615
 51  0.484216779357379  0.410159982101902  0.472029674442804
 52 -0.290530293459411  0.565390380832259  0.470568781412629
 53  0.027778494823248 -0.594081660420955  0.521348683570296
 54 -0.365549387078604 -0.438673695106587  0.547218555764015
 55  0.541805011663207  0.003501530516351  0.576145972445475
 56 -0.501457518770509 -0.048121768256835  0.609699733666356
 57  0.098208949522795  0.495880206355949  0.608249073466976
 58  0.266838757385344 -0.292316824269882  0.684731378062235
 59 -0.212872585907671  0.240829632767383  0.722630931454346
 60 -0.130597381550976 -0.167332631661723  0.761874810751515
 61  0.182434472286953  0.110006037863344  0.761659666714376

          62  0.206739152059719
  1  0.056465584938675  0.067130778553029 -0.788395756687799
  2 -0.351380830315563 -0.135780084554220 -0.698110344859698
  3 -0.287745186938143  0.272624306088935 -0.687125511095601
  4  0.277274088720973 -0.323598964164720 -0.669078144158369
  5  0.446963852529643  0.053120337939489 -0.653195466230429
  6  0.136043705927926  0.445566823792775 -0.642047574940942
  7 -0.130572213099860 -0.526509884060466 -0.578792719397689
  8 -0.199587445795900  0.610442375481643 -0.465604693459943
  9 -0.649589280362648  0.015701737721950 -0.455027466363714
 10 -0.024160286820162 -0.149766793890669 -0.445730876887362
 11 -0.506336263846818 -0.421163616298302 -0.442162378651910
 12  0.602473519899160 -0.307766922766472 -0.414207619370458
 13  0.228372803548966 -0.640667552260851 -0.408232437410609
 14  0.513994196684520  0.443836549561188 -0.409977872479949
 15 -0.561893384721333  0.437463924921249 -0.349519543765197
 16  0.712811322535794  0.083354167014709 -0.337956911722470
 17  0.208414221015799  0.174723263155001 -0.338122284475575
 18  0.199989036274040  0.697527856717838 -0.320502803962351
 19 -0.285981544705649  0.133913956958392 -0.297612112058386
 20 -0.183159473097021 -0.737632184740767 -0.227187451044928
 21  0.259932962484697 -0.295386353705174 -0.182956682042575
 22 -0.739170309984884 -0.246750534519697 -0.148338125328680
 23 -0.234462811123224 -0.336195704110877 -0.142446492714104
 24 -0.045713926993408  0.425360734563201 -0.129402255985252
 25 -0.765934994166212  0.183098218075821 -0.095296380434907
 26 -0.364220018811206  0.698054611234975 -0.096572824881969
 27  0.539257845129453 -0.577779059116061 -0.068081628859986
 28  0.697290903241031  0.375444432203605 -0.045712661917135
 29  0.758620164164449 -0.228442018378625 -0.039654301622088
 30  0.173228467713352 -0.773838857440315 -0.020690422037393
 31  0.444374658658894  0.039961196840600 -0.026471574020040
 32 -0.001285945917135 -0.007972850565622 -0.023728525842127
 33 -0.536629656076946 -0.584151753368610 -0.007623262428309
 34  0.419609636174458  0.672572051678871  0.028937188616792
 35 -0.443301859988399 -0.033311060371626  0.046263475844853
 36  0.020184530563994  0.791337701242259  0.051380932197272
 37  0.046786814648538 -0.418710626120398  0.149194114243317
 38 -0.614012901458813  0.479359996730189  0.149883031901154
 39 -0.207303750486132 -0.742871674764687  0.185552156391742
 40  0.198124460459629  0.300048044750801  0.180119760281396
 41 -0.212585251787502  0.266146482252440  0.213772758853268
 42  0.748259498762551  0.079395703851663  0.251131076524686
 43 -0.685804147796471 -0.304239039474086  0.257631618012959
 44  0.375706829180987 -0.626849272020491  0.308491720389835
 45  0.240922620884058 -0.090486467086695  0.309020576825051
 46 -0.282192008878194  0.674366323955465  0.307994324809751
 47 -0.717329044935071  0.112338773478814  0.319502447785220
 48 -0.169787089624555 -0.124388018894729  0.342673607244714
 49  0.640989298989120 -0.312136376938331  0.347802203130633
 50  0.565661130764606  0.439316569791877  0.341014969646991
 51  0.217025774532342  0.656371737764413  0.389022785872105
 52 -0.392633316632575 -0.505348425658600  0.468748141574352
 53  0.010745992232842 -0.599603332002495  0.519252482687729
 54 -0.467444881701719  0.372586348934959  0.521476239183642
 55 -0.515210569111821 -0.126578860485828  0.589744550147363
 56  0.527809215347652  0.001605354437121  0.592180401487722
 57  0.332642655128854 -0.361628587254560  0.622765125664587
 58 -0.082877095170743  0.488888181772500  0.619178896357240
 59  0.303705003218255  0.344789747617689  0.646642152842560
 60 -0.156661529556889 -0.282180120823725  0.724633919606126
 61 -0.228026834050967  0.124330700959836  0.749538799947315
 62  0.158555265806391 -0.019767724141977  0.777002083416895

          63  0.205954915018959
  1  0.061736228867227  0.148720326456375 -0.777546461329797
  2  0.120065817726526 -0.257441823195602 -0.741495451143115
  3 -0.317612508837857 -0.003871294686304 -0.727746455986801
  4  0.430693366942216  0.002641778037456 -0.667086082648502
  5 -0.244394542101340  0.392993390987934 -0.645240342363548
  6  0.338293805655427  0.398065241573281 -0.598004148387719
  7 -0.295847654883716 -0.480346942492511 -0.558792069486003
  8  0.449297916406845 -0.385142434217741 -0.529437706118339
  9  0.095889392262790 -0.598934141998305 -0.512436059063602
 10 -0.582595005528832  0.210739257608276 -0.496668523079649
 11 -0.590883580558187 -0.201046222107209 -0.490861088074521
 12  0.032163003393944  0.642338292803605 -0.465698024389875
 13 -0.099783316737299 -0.149993285651614 -0.410148385459665
 14  0.028494069597836  0.240049578342357 -0.377267015593515
 15  0.645429906684273  0.318616525091552 -0.335278007746799
 16 -0.355592507037649  0.630048150054480 -0.327262730133075
 17  0.716172105322314 -0.180518054028089 -0.291579053964209
 18  0.362472743791040  0.028462566709404 -0.261686352097169
 19  0.392713088652088  0.636559797060242 -0.266600161061020
 20 -0.191538363211231 -0.729630543491583 -0.247911117953769
 21 -0.548121524741634 -0.523770828960270 -0.236081567720396
 22  0.199052761522403 -0.345322095769976 -0.204689478741136
 23 -0.771405707877879  0.014361884476238 -0.187708729446095
 24 -0.329578036171911  0.248660680137723 -0.173846455970460
 25  0.560066170196451 -0.539035059840941 -0.162094674061560
 26  0.206657639257994 -0.752826848309615 -0.145092913621143
 27 -0.400415237853127 -0.154581951957477 -0.128600698149666
 28 -0.057230807468956  0.786797786409109 -0.090451506127454
 29 -0.691455156376203  0.388747239280000 -0.035678391996931
 30  0.132678043282693  0.427116524714973 -0.025384414028836
 31  0.786246525987407  0.110665230392581 -0.008786588498258
 32 -0.000000027708208 -0.000000012837329 -0.000000003905493
 33 -0.132678100585579 -0.427116554398860  0.025384443606813
 34  0.624970889816739  0.488216909599507  0.039537742036262
 35 -0.728643638613757 -0.308362715144768  0.067070714911930
 36 -0.415210426549110  0.672314171623090  0.078112436868557
 37  0.734795146842531 -0.281150837777168  0.107414596663612
 38  0.400415260097372  0.154581974284670  0.128600681470534
 39 -0.472762546129484 -0.618164382180252  0.157721165720721
 40  0.329578033614197 -0.248660655505899  0.173846421000625
 41  0.404568038884028 -0.652706798582887  0.202005282059055
 42  0.008254185371627 -0.764139531973188  0.215708694961965
 43 -0.199052828726969  0.345322042987845  0.204689485830684
 44 -0.759512202475331  0.072920883938481  0.219843935461604
 45  0.320564583186581  0.688576924610815  0.231533504880979
 46 -0.362472777982155 -0.028462632378783  0.261686369342309
 47 -0.081048620297579  0.723961764272943  0.315939997469795
 48 -0.574907092510383  0.414007343906221  0.358590785095660
 49 -0.028494056132454 -0.240049581270892  0.377267009995085
 50  0.694556273240406  0.021192097416800  0.384252619108864
 51  0.099783318276827  0.149993289468572  0.410148346370698
 52  0.533280682161896  0.398743711768136  0.432576887201408
 53 -0.565380530774419 -0.337011839535335  0.444157035761895
 54 -0.234621120510922 -0.577919347044137  0.491395721496254
 55  0.176388834193872 -0.561825971616286  0.532678283555553
 56  0.490279871587394 -0.295676617031585  0.550189587905435
 57  0.166821367318402  0.521401334481918  0.575168563804596
 58 -0.240745203638913  0.465655038639156  0.596418249702627
 59 -0.467402976498375  0.123350815811875  0.629941767770285
 60  0.409927631250375  0.088808705064825  0.674225443026819
 61 -0.270288113376784 -0.229232710236683  0.710566180807468
 62  0.140721808394664 -0.213139211959554  0.751848818546616
 63 -0.083354932675588  0.131449739618749  0.778640172438693

          64  0.204087153397427
  1  0.118423174087296 -0.179239231154963 -0.766372304589015
  2  0.013869539808743  0.261841069582503 -0.751481300294729
  3  0.388949044782282  0.115314195783299 -0.684761663793185
  4 -0.377890973956217  0.173340711242220 -0.678696301017968
  5 -0.283045541800516 -0.422924329016427 -0.611961980914286
  6  0.470680342095050 -0.271100598735540 -0.581757458325657
  7  0.106341634822952 -0.539694436879539 -0.575237867665316
  8 -0.575572278865999 -0.150721343182317 -0.528655711594986
  9  0.124467449890817  0.583872882929174 -0.526381582015045
 10 -0.280740028655967  0.535551227278825 -0.517539543085744
 11 -0.133869788263051 -0.073174179903145 -0.463544414891095
 12  0.496976939789450  0.444484253117148 -0.434654926696012
 13  0.681794052718922  0.081982500317298 -0.402384143208753
 14 -0.637697176872697  0.282507688197483 -0.383417495825264
 15  0.146871767824444  0.207763102758068 -0.369391950112069
 16  0.426815392972119 -0.586895644374496 -0.326893533621131
 17 -0.325529329165681 -0.666955241682475 -0.287538903163072
 18  0.197472687534309 -0.227423023522882 -0.281513039857230
 19  0.698403156805409 -0.293745908974068 -0.243769626722132
 20  0.068511115957520 -0.758108308512568 -0.232497911692724
 21 -0.258914000774603  0.241365265357288 -0.235432277949443
 22 -0.640699128131699 -0.415298664664480 -0.224741864649626
 23 -0.114333037074801  0.756763822502177 -0.215116869395873
 24  0.310897134574063  0.708823200833840 -0.185445142994676
 25 -0.777211634732369 -0.034845538730649 -0.167943808025838
 26 -0.491640914905176  0.601157871450285 -0.174286212224528
 27 -0.260722674701505 -0.290969340801846 -0.142483863251997
 28  0.413426081444037  0.064799819151377 -0.095317941569411
 29  0.702165658478175  0.363280773971961 -0.090994543548436
 30  0.047827307751291  0.424478071150214 -0.037984222183058
 31 -0.002993176714075  0.001584685852350  0.000553753375167
 32 -0.723101490760459  0.330481353838334  0.026830860529090
 33  0.069984925635392 -0.450507245761331  0.035803558312202
 34  0.794952152491865 -0.013382858498689  0.036731917101673
 35 -0.445784563232828  0.031768946916201  0.060802495346925
 36  0.406330430723741 -0.680406960854645  0.070480342642549
 37 -0.189459948803841 -0.768495216817155  0.083649765449006
 38 -0.540133008870364 -0.567466213747764  0.140412564859537
 39  0.678495522606365 -0.386870849353280  0.153140559979376
 40 -0.286453939097610  0.726067189212510  0.155717169610539
 41  0.492508366758518  0.603199670473397  0.164508132323761
 42  0.119273772929587  0.768342105135127  0.170004223343634
 43 -0.740513985940301 -0.216214840472142  0.195876080146154
 44  0.313681839601121 -0.177962422412300  0.217290191750279
 45  0.279759350091519  0.244778083613864  0.245779249826334
 46 -0.217025397443064 -0.241152361876220  0.260275470964335
 47 -0.181995561794518  0.269753658179092  0.261762453181211
 48  0.682469137623071  0.271163916686187  0.306892922476941
 49  0.111252398466416 -0.704996371514715  0.352250307840270
 50 -0.530986074896657  0.471030198712881  0.360085544771451
 51 -0.271889412386044 -0.600300186129999  0.446310534663557
 52  0.646896093362970 -0.109200526982000  0.450641707663183
 53 -0.650781425002682  0.091111808272930  0.449065067280592
 54  0.432338756943068 -0.479722437489755  0.465216983353811
 55  0.042184179161068 -0.002869760928311  0.466765330787200
 56  0.257828948938916  0.566192089435902  0.496415159253091
 57 -0.149328168933514  0.588446906317287  0.514692719781024
 58 -0.518823417400542 -0.286274936964260  0.531362544549302
 59  0.435171808192203  0.222919809362609  0.628020314341158
 60 -0.350487533274299  0.265862262309011  0.663289533979120
 61  0.020658094246594 -0.426458516414736  0.671702023702789
 62  0.332010503716462 -0.164547782531948  0.704393577535152
 63  0.049654730788139  0.306600060454863  0.732808344675770
 64 -0.225451446553639 -0.111686723918078  0.755099299876709

          65  0.203076034012903
  1 -0.152891613294313 -0.036751406150107 -0.781256229603869
  2  0.245666274518544  0.117207634313409 -0.748998153978169
  3  0.134585130514944 -0.316772891075782 -0.718769494127544
  4 -0.060884107063467  0.440886790171835 -0.661059582279589
  5 -0.413153603602684  0.240079897240097 -0.637772334250949
  6 -0.235003384906019 -0.459510083058971 -0.607216353711307
  7  0.494213956118428 -0.168434271778142 -0.602055038375181
  8 -0.502685871777607 -0.154164893683133 -0.598855497958780
  9  0.562754449792341  0.223036343171460 -0.518314601789514
 10  0.302944883803328  0.535015437156210 -0.507021387070151
 11  0.103903344038038 -0.635725873170533 -0.469195606164295
 12 -0.007586912210468  0.110060931915311 -0.431553236198976
 13 -0.409972486829954  0.561507902792811 -0.389511543742013
 14  0.479792930456283 -0.513435554616463 -0.375859658256192
 15 -0.033501049624961  0.710793344007399 -0.358801211471487
 16  0.198353487880857 -0.224470640368859 -0.328418949383463
 17 -0.676880686145209  0.261287105197403 -0.329620073638964
 18 -0.541519516417464 -0.495715925436009 -0.310016357911516
 19  0.721849165029534 -0.205728713153081 -0.267763490967578
 20 -0.737109948659834 -0.142321678304756 -0.267397215834082
 21 -0.362033865301516  0.015062598488338 -0.257478032760323
 22 -0.175138382419894 -0.343834589428629 -0.222515347717882
 23 -0.180297856022481 -0.749448282876441 -0.202256673491516
 24  0.238749573177016  0.308001553531432 -0.176411101239799
 25  0.757548617548050  0.185299430217599 -0.163926876309756
 26 -0.163842421497834  0.351052522141388 -0.144382952883847
 27  0.567403682685615  0.543034021789727 -0.135110767958289
 28  0.269405891447556 -0.741344772639974 -0.113649466771019
 29  0.233169210113330  0.759957739893596 -0.056428366940274
 30  0.417007600672248 -0.032484755268147 -0.045061752116223
 31 -0.290078582152495  0.740865354328498 -0.045395489827850
 32  0.625911695527832 -0.493270512340190  0.002560980617537
 33 -0.625394205023622  0.493932584473416 -0.000705608168395
 34  0.006790549467438  0.008686940040611  0.024305437435154
 35  0.133869803882011 -0.389399172807520  0.037094574861271
 36 -0.786551867186277  0.122949148735555  0.036159018454415
 37 -0.693139689332122 -0.389850057882803  0.051595649099004
 38 -0.410060263955532 -0.672058459002330  0.123595368734983
 39  0.780899148382628 -0.103377649819944  0.120819655427394
 40 -0.389286091240890  0.067950643175829  0.144292639728502
 41 -0.019376391776575 -0.778442644456412  0.169527018879349
 42 -0.238576783645224 -0.307781379744245  0.177028765309630
 43  0.690995020610442  0.339439970212716  0.205898508198013
 44  0.295373801114989  0.248869999407917  0.221404424326634
 45 -0.096303169913503  0.350574991859381  0.256113893323333
 46  0.354191810980615 -0.658840469617560  0.274891254908330
 47 -0.028616518891518  0.750943198470208  0.265241804929893
 48  0.359442492896475  0.639924864764740  0.310459448754262
 49 -0.404413466390015  0.607201288725665  0.320693234629150
 50  0.260574685295689 -0.140410528831392  0.331899646999648
 51 -0.704753487838748 -0.117755347517379  0.352907930025360
 52  0.601225460044521 -0.355405603978862  0.383800222015670
 53 -0.640947012928981  0.282428883149466  0.380142946988321
 54 -0.113326738457792 -0.015963928243634  0.430237184486154
 55  0.639446539914039  0.038751551074647  0.474019247969821
 56 -0.466622731357462 -0.414097789713440  0.495856887147528
 57 -0.103270082979865 -0.593768970462889  0.521403399560707
 58  0.272187326076874 -0.439325413795605  0.606625952060356
 59  0.036692550900891  0.526322221356208  0.597265734324060
 60  0.394974997703355  0.335209102766382  0.605571952780507
 61 -0.330602880474702  0.356375345726821  0.631495174917846
 62 -0.449919192677899 -0.031014245427889  0.657037779891849
 63  0.331983021818685 -0.054647720528840  0.722418651081033
 64 -0.063070170735243 -0.260754212998123  0.750411353434800
 65 -0.007722002852996  0.160232809702363  0.780611058678666

          66  0.202108753938119
  1 -0.044245286718323 -0.074353780419581 -0.793186176431934
  2  0.280282024838972  0.158225625956723 -0.730093883267728
  3  0.326359976211526 -0.241041991521222 -0.687035925398344
  4 -0.402097199846446  0.079091118654324 -0.684611479138231
  5 -0.026057213689480  0.417085529156126 -0.679699289042938
  6 -0.333904268839162 -0.317929143127557 -0.651198464174587
  7  0.024771868483279 -0.501685207177138 -0.619942534408427
  8 -0.397943045131902  0.450364103958747 -0.524827540472835
  9  0.323034551500211  0.524863188702365 -0.506752160552300
 10  0.593423290382411  0.225299307757389 -0.483445406326232
 11  0.640938229891918 -0.173992903570590 -0.442216118557738
 12 -0.645661062523267 -0.224853559795891 -0.411330851805328
 13  0.444447267514300 -0.525175733560343 -0.404088499985595
 14 -0.131356328407168 -0.011346723735944 -0.398408455272707
 15 -0.668515921597637  0.178474111762346 -0.397320896182525
 16 -0.100736764110386  0.688808731195487 -0.389903932690622
 17 -0.437369241482183 -0.567739059016724 -0.350729166187083
 18  0.267684637983029  0.028282246882098 -0.347539550194965
 19  0.112865464445023 -0.731090437244089 -0.298995986675469
 20 -0.090847199720035 -0.385343458368525 -0.250498865824110
 21  0.047814642162224  0.347388789827801 -0.232561322426930
 22  0.583768401337821  0.507911352612507 -0.194604604336586
 23 -0.339676064264314  0.250076365037732 -0.171136261676315
 24 -0.443688064079525  0.640682684508852 -0.171163781525403
 25  0.252028435446954  0.737601194071092 -0.170459927177154
 26  0.777651245434844  0.105227956497124 -0.144277712025299
 27  0.279157257942955 -0.299971333379543 -0.111934457486115
 28 -0.386165396314154 -0.146982637304713 -0.111347597716848
 29 -0.792543289065521 -0.042052940079010 -0.082079995919214
 30 -0.219936572389094 -0.763603522632482 -0.071888810781430
 31  0.740233721962959 -0.289947224200562 -0.067934413881583
 32 -0.672028054706229 -0.426811759827490 -0.053295927639023
 33 -0.707569287572326  0.361258952298886 -0.028607722876101
 34  0.501514345095259 -0.620544510916828 -0.006189683097650
 35  0.006921888613680 -0.004467057393633 -0.006865014210900
 36 -0.110090238430486  0.790258807465183  0.001263791203737
 37  0.434815786683479  0.032798403045459  0.060234316251304
 38  0.299080381692242  0.414777744030823  0.076818784663899
 39  0.145065206600488 -0.778040255857550  0.101192325011619
 40 -0.155026634590169 -0.354399394454431  0.147389634539884
 41  0.695689331215247  0.355275259419314  0.162561634526731
 42 -0.095910245588456  0.419879773160058  0.162540238411255
 43 -0.340772505551185  0.101029551894456  0.204597386656212
 44 -0.451143993728791 -0.618069987229898  0.226028821945901
 45 -0.436395312942089  0.626121707402920  0.232725544157075
 46  0.207995917276053 -0.237083472508248  0.280968805701146
 47 -0.735814648370852  0.105001964876101  0.290141053898304
 48  0.623604185430801 -0.393325751643746  0.305029692897675
 49  0.138749594511871  0.721048548130972  0.312198625562622
 50 -0.666612394696240 -0.291486144340154  0.327557908524943
 51  0.717431671389368 -0.002633565381344  0.349163717707068
 52  0.147964086457299  0.156838608226390  0.348890578881169
 53 -0.096087684137276 -0.677870757223867  0.409742399563503
 54  0.300304743805205 -0.601337903484404  0.429930491153225
 55  0.442518392954858  0.490937430165924  0.446976903319299
 56 -0.129353511483279 -0.106667248110166  0.479471615875380
 57 -0.501563800788604  0.345010593422333  0.515782788300502
 58 -0.167704913946406  0.572454065260559  0.529907393368944
 59 -0.365799705181166 -0.422613815393268  0.569401908978228
 60 -0.511606976387341 -0.047846584124085  0.610409245213110
 61  0.414396279866122 -0.267474419519320  0.627187052383978
 62  0.465292910674285  0.133463120867278  0.634287429472475
 63  0.040993080006563 -0.412283025615978  0.681889078019799
 64  0.143582343683985  0.371435650778253  0.691411677985938
 65 -0.210910759717220  0.185288471422018  0.746870319624349
 66  0.128686872413000 -0.030270934256604  0.786863235762003

          67  0.201216625855546
  1 -0.097206108920286  0.129039861699210 -0.782275249059321
  2  0.232787780534788 -0.099968562556282 -0.757542747667560
  3 -0.147660480813291 -0.285812457644883 -0.728319280917806
  4  0.263285977140055  0.296172603305810 -0.693554008064306
  5 -0.449895524428507 -0.021086866287631 -0.659700113672085
  6 -0.077713675366749  0.497003093133422 -0.620486413136016
  7  0.212743533552422 -0.472885545186398 -0.607597176503470
  8  0.568556909912426 -0.148460300856556 -0.541070659036333
  9 -0.456530432044122  0.364524457458207 -0.544753855738539
 10 -0.478456110943420 -0.391759733988720 -0.505627273330446
 11 -0.144283116593629 -0.615336142963700 -0.488465651032067
 12  0.595425973178871  0.247036283214352 -0.471694672483410
 13  0.265715672212866  0.610129763002790 -0.441805084452660
 14  0.057186760942149 -0.157694121846152 -0.400073079296297
 15 -0.707164953365560 -0.094794530537912 -0.359147051388676
 16  0.518951881337955 -0.497868445786102 -0.347664830484654
 17 -0.154367900663580  0.181284097122359 -0.352209582760984
 18  0.188889062108535 -0.720433168708458 -0.288707205400289
 19 -0.087969549073211  0.736255673996566 -0.297058613329620
 20  0.241805564516487  0.202604735880067 -0.284796394637695
 21 -0.705676904949742  0.288933710780288 -0.237891352101929
 22 -0.463445927090258  0.610080880245854 -0.225995732330262
 23  0.768164880559356 -0.013840988045043 -0.218600142119729
 24  0.567123034867884  0.530403771008954 -0.187345087555879
 25  0.393341510955925 -0.154834071898767 -0.178839433030098
 26 -0.353987547550646 -0.699012305862984 -0.155336702812926
 27 -0.655393847691268 -0.432500867331335 -0.146481340025530
 28 -0.049388142718599 -0.437152346246225 -0.130819643278065
 29 -0.349757886279754 -0.152239756462432 -0.156607183004571
 30  0.005114898093291  0.430538046663069 -0.052468057264903
 31  0.255430397687776  0.752534791894625 -0.046338587105043
 32  0.712318268422987 -0.360768088712243 -0.022448818396278
 33 -0.365545984905109  0.276577338579170 -0.023157099178964
 34  0.447450466954470 -0.661548925499405  0.013999200063089
 35 -0.012201097851647  0.020991960794954  0.011048269014167
 36 -0.791782507911301 -0.099808582344999  0.034257639521256
 37 -0.020008097903377 -0.797172331534023  0.046592152391762
 38  0.748117338611110  0.272719834170172  0.063239374832626
 39 -0.141992823992118  0.779757683218479  0.099352263215736
 40  0.231408887204893 -0.339005891872912  0.140239065423310
 41  0.372120615954018  0.113655501289053  0.136636693759534
 42 -0.731351217706798  0.276475224440106  0.163528974310894
 43 -0.494988355631364  0.601976104835418  0.175117605642986
 44  0.519322573304737  0.569311712923490  0.210340479208983
 45 -0.179487072883237 -0.310482227183653  0.228320261758195
 46 -0.347552246747279 -0.675695676713364  0.246368965296741
 47 -0.641958024209054 -0.401448312953972  0.254527063373651
 48  0.750915917244534 -0.077743253531391  0.261029022464459
 49 -0.293777298741638  0.066136229314242  0.312277420959437
 50  0.021515777368915  0.315379336270904  0.332787707990548
 51  0.222681762934463 -0.684123483431082  0.347048657516666
 52  0.567049345519843 -0.434243769251723  0.351550706454499
 53  0.164402822084096  0.700049541300668  0.347789060531099
 54  0.091448955943259 -0.073638823393872  0.408462961992655
 55 -0.673395545571497 -0.031931801209219  0.423631518768359
 56  0.614441526407811  0.254575848279424  0.442388547442232
 57 -0.212507870001633  0.616458872902868  0.461382424910498
 58 -0.516797445186261  0.355219786503620  0.494766796314053
 59 -0.101916133082539 -0.566517961167013  0.553827933840710
 60 -0.427175089681031 -0.331969668979194  0.587683980080660
 61  0.524730111797373 -0.107867943951216  0.592518096981393
 62  0.290796995562335  0.423647550932954  0.611567444171146
 63  0.259162066498293 -0.407007798212223  0.636580359650193
 64 -0.367957650748348  0.047659057309775  0.707382965812507
 65 -0.086493819453236  0.335013365450162  0.719958153628213
 66 -0.076046077555123 -0.223713138223100  0.763036240741192
 67  0.206127332911293  0.063155975044511  0.769140900129913

          68  0.200002226173858
  1 -0.091694938116108  0.018479574523429 -0.794510529682331
  2  0.287330143301421  0.131588889038913 -0.734930058684955
  3  0.124479500337672 -0.311122527182931 -0.726432423011096
  4 -0.065600851323645  0.403126295762283 -0.687882367484788
  5 -0.266928540162783 -0.362061028635576 -0.661556803393856
  6 -0.463996016204200 -0.012569744836585 -0.651572050189507
  7  0.485672311592963 -0.310792496390689 -0.554551050910531
  8 -0.440953569325389  0.374327429281186 -0.552662069906847
  9 -0.003252616073760 -0.619564694741839 -0.506088379282621
 10  0.498803112786442  0.376316932006421 -0.499577280795087
 11  0.185339584557899  0.622638592626790 -0.466869210266019
 12  0.671984548069413  0.021844519252186 -0.433538951262017
 13 -0.625197813487158 -0.286496177838981 -0.408710254607484
 14 -0.206296195285626  0.663507564622959 -0.396479545027946
 15  0.229810928271040 -0.054079287783520 -0.385326812253062
 16 -0.166839355619024 -0.104185131626126 -0.372617815410349
 17 -0.376648564787144 -0.605059117086367 -0.363367254442710
 18 -0.699632868617545  0.134680630319269 -0.363828826639084
 19  0.363832002168543 -0.625903475426073 -0.340393231093651
 20 -0.166113294249574  0.284074027492945 -0.276400041101047
 21  0.702593088234820 -0.314042015653592 -0.218487992566340
 22  0.227804059742575  0.305592900172580 -0.210296953121606
 23 -0.561742447461346  0.531364641770627 -0.205166720590209
 24  0.462318487766356  0.628058975730791 -0.178325480513029
 25  0.714669134225962  0.317874113149808 -0.167930089325051
 26  0.052386651178607 -0.784800764872991 -0.146081608561250
 27  0.100822070324187  0.785741584152905 -0.111541522291969
 28  0.259724102112786 -0.327640005723617 -0.095028177173928
 29 -0.420869214398891  0.032803351851800 -0.095658345197296
 30  0.481618321529189  0.004843916135924 -0.080163487722738
 31 -0.785495046097464 -0.130612459192267 -0.077034772582736
 32 -0.623704568879505 -0.496329181281218 -0.068164453304710
 33 -0.220016495538862 -0.354239876808813 -0.064968050093397
 34 -0.285046892609888  0.747372596125966 -0.013375713071204
 35 -0.313042210377157 -0.736150254176621  0.009155103749456
 36  0.000654276555950  0.002957351515328  0.003459496661223
 37  0.538184984418946 -0.591633427334118  0.017978824674475
 38 -0.757064511102737  0.258263025555285  0.012246378509008
 39 -0.028668224205470  0.448960828957811  0.061127376039033
 40  0.771650836947246  0.118925082790466  0.174379610759621
 41  0.728179911672003 -0.278681874701145  0.179128074508691
 42  0.603193694662465  0.496497883999152  0.172173331357074
 43  0.290302039049872  0.248378925734548  0.195397376992885
 44  0.221308847657086 -0.738525326119549  0.213539632751133
 45 -0.551263121929602  0.542683707886147  0.203960294474572
 46  0.041140895931723 -0.365723136768456  0.237800035277217
 47 -0.296215574798606  0.211334232071731  0.239888606569957
 48  0.272989497827861  0.712007255544325  0.241906305697494
 49  0.366334049237457 -0.135962265275535  0.276048131594327
 50 -0.312829728083539 -0.185688834410843  0.285716725551588
 51 -0.506529736452148 -0.534649523522426  0.312368294187715
 52 -0.711969998258171 -0.189555386479067  0.311711180242147
 53 -0.111023128033154  0.708851832988172  0.353835247025824
 54 -0.144420054122299 -0.694698164069293  0.369504731949198
 55  0.479346103419659 -0.498251289037847  0.402454226260945
 56 -0.663835137327238  0.203522619527956  0.397363677148512
 57  0.021843904145192  0.030122159650321  0.427465188013232
 58  0.406201281428250  0.454834328716538  0.517805649364514
 59  0.590420716547224  0.100001481279333  0.530471035345553
 60 -0.359864024688700  0.461275508550821  0.545636533850892
 61  0.130708124961172 -0.515299080118233  0.597811577526916
 62 -0.282276587794835 -0.416648272342424  0.621868543627166
 63 -0.492159534885749 -0.076155871822270  0.626079638332709
 64  0.027408931550898  0.472258411535081  0.645148960576069
 65  0.384716795799862 -0.214341740260401  0.667867534424613
 66  0.255015870561822  0.157247744379229  0.741558392377707
 67 -0.199267650896710  0.162444691564805  0.757562250653572
 68  0.001716136106805 -0.182745366271353  0.778843773878943

          69  0.199281531977205
  1  0.187863602215500 -0.102514549701557 -0.771588037164181
  2 -0.203288147455615  0.088291410319301 -0.769433956936988
  3  0.137928850067453  0.291029945237351 -0.733094310663359
  4 -0.152520236811384 -0.304484841316776 -0.724690709064266
  5 -0.200252653875484  0.467885349759729 -0.618168455300667
  6 -0.504767075683615 -0.166974781731328 -0.598731731750004
  7  0.533736233479643 -0.009353140666149 -0.596815057885948
  8  0.350296850600073 -0.416426077506230 -0.587393823141865
  9 -0.516101607928077  0.230183536296843 -0.567278357550070
 10  0.468540318328042  0.377791272630833 -0.528103957055620
 11  0.148976967054873  0.613333447180633 -0.492725086523331
 12 -0.338732723389745 -0.550601095549896 -0.472491947780057
 13 -0.028274189225140  0.007872736280128 -0.417063926849440
 14  0.014381552608280 -0.394169409998109 -0.374044182234632
 15 -0.735755501247207  0.012693082931522 -0.315678306291286
 16 -0.358531351352685  0.649721027408745 -0.300778858420790
 17  0.318971763034576 -0.150500417550167 -0.292173908138364
 18 -0.645842770709452 -0.374692597220673 -0.289210370047716
 19  0.614134848278427 -0.424962978133795 -0.288781786784522
 20  0.308652921684529 -0.681105429354195 -0.286174827453840
 21  0.753150523541162 -0.052074559270885 -0.266838135683754
 22 -0.080042964852155 -0.758647128786726 -0.243305821537638
 23 -0.656892159935645  0.394425687650502 -0.232532002462635
 24 -0.349450375764300  0.141307508309989 -0.216306942166559
 25 -0.048484477296232  0.402590922699726 -0.218045123076928
 26  0.434307831424196  0.637239022368374 -0.215289335496455
 27  0.696905460445262  0.337456254096011 -0.203951270664924
 28  0.312011601200787  0.234836944244083 -0.190590495607462
 29 -0.289867984725403 -0.248941006657979 -0.161456680616490
 30  0.023211357266034  0.787455221188258 -0.143267486018252
 31 -0.440124878447724 -0.660906808969492 -0.103161748055718
 32  0.174093315983342 -0.390767492784520 -0.008213275337277
 33  0.010324259226100 -0.006737338062253 -0.001563977731238
 34  0.518222280550782 -0.608193830366218  0.051922997582820
 35  0.747122277651236 -0.281985685185641  0.058672315621475
 36 -0.784588933197312  0.150052921908508  0.055266550134731
 37  0.159806443336747 -0.781091374036670  0.074217458231455
 38 -0.758219771665092 -0.247311848241897  0.071342081607449
 39  0.421188845284498 -0.048253784037391  0.079242044642807
 40  0.197197477783388  0.505598917441598  0.078404275499358
 41 -0.300589969535002  0.737424243559179  0.083673294777309
 42  0.785002722500220  0.111160841292034  0.112089509157910
 43 -0.435020747683364 -0.023348971753107  0.136423083450193
 44  0.591656476134585  0.522942902215344  0.132753155530743
 45 -0.217834303529646  0.322769699458039  0.145266733185231
 46 -0.610544003736608  0.495833380589675  0.150117764528581
 47 -0.211717949022483 -0.742212803999660  0.213180038168319
 48 -0.170914284062328 -0.325652497472049  0.211126035333096
 49 -0.544550564460856 -0.527499803204350  0.257601835004150
 50  0.201648735687103  0.185537584619902  0.315877317093983
 51  0.186415460694400 -0.219376582329458  0.352099079995629
 52 -0.002393582560990  0.721317690377634  0.347627854671588
 53 -0.148113571112657  0.019111249357362  0.409798132794871
 54  0.671012504043028 -0.127209921732975  0.417983157870465
 55  0.480909282179584 -0.477409371614915  0.426563734089689
 56 -0.646119544680202  0.208812504234000  0.424354730255885
 57  0.615318711332955  0.266968036585801  0.437333986739935
 58 -0.637169660820367 -0.189029809383528  0.446578794309869
 59  0.111755235369571 -0.645097370064067  0.454154190719268
 60  0.350214481607761  0.564417417762518  0.447138524879336
 61 -0.353696023581499  0.561835093060885  0.447649978144025
 62 -0.266206913911693 -0.524966152337548  0.542857700431977
 63 -0.025387547253273  0.464612477695559  0.651644675453446
 64 -0.345342903403126  0.229315394853726  0.685056781431254
 65  0.380584836817092 -0.138730430247333  0.690694661005186
 66  0.310122177052981  0.253545813630463  0.693317258347978
 67 -0.336105500794485 -0.168538707923917  0.706949687955087
 68  0.040259681677322 -0.343788751944153  0.722037753237802
 69 -0.011691070972449  0.043719639802709  0.799438538593061

          70  0.198688727945893
  1  0.018414586480341 -0.096834549465758 -0.795225582935743
  2 -0.194184323661801  0.234515763577239 -0.741211548614000
  3  0.199862620692170  0.282427883447868 -0.722764953648270
  4 -0.378637621041508 -0.114650603961000 -0.696841836907325
  5  0.400222805781630 -0.059328581550437 -0.691665800704693
  6 -0.143806337041653 -0.432948400798121 -0.658767921497383
  7  0.252446853792235 -0.426620888488670 -0.629575220475290
  8 -0.085306184604210  0.569487075534061 -0.557231621849394
  9 -0.541721692517954  0.216361775774090 -0.549385970480077
 10  0.551394270874618  0.266085581701324 -0.516974441791786
 11  0.302732173998426  0.572714713854033 -0.471646946435838
 12  0.586712502567961 -0.311783002723902 -0.447950391521069
 13 -0.463620876213334 -0.491855419371313 -0.430387830096553
 14 -0.664260139634095 -0.148936123910299 -0.422701138641522
 15  0.041413356904750 -0.685016204522955 -0.413687669697357
 16 -0.095152410863873 -0.122682194453381 -0.415300220126620
 17 -0.437684140476425  0.557399755544525 -0.373949004414945
 18  0.242913217119312  0.076678376344047 -0.353043984049507
 19  0.411649648713302 -0.627259269502602 -0.281407409614709
 20  0.749497548885027  0.011145401788791 -0.283247020168336
 21  0.045830280121127  0.764207677815789 -0.236613535775932
 22 -0.317179911442476  0.164823884707974 -0.225605675714105
 23 -0.751434966067207  0.177832219809416 -0.214058281993949
 24  0.022519233742049  0.369295855443683 -0.199062335924454
 25 -0.278350457608603 -0.731240090143659 -0.172941342763220
 26  0.684591453824325  0.383829999941133 -0.161582253680592
 27  0.324312729282128 -0.257757659630932 -0.154460243013567
 28 -0.376625322630989 -0.221256639625456 -0.152688484586889
 29 -0.035556849275020 -0.421850322321359 -0.116037210557791
 30  0.419472145458209  0.674514959965802 -0.105699776196497
 31  0.679695111106373 -0.417475828411468 -0.076342932555835
 32 -0.596895254745942 -0.532958078815792 -0.042089141209192
 33 -0.779591868700371 -0.180072575845976 -0.043705153076377
 34  0.088696248050702 -0.795619898019790 -0.034952942332196
 35 -0.303030625705969  0.740258391776583 -0.047850867256595
 36 -0.622102563096071  0.504378361674362 -0.025946072045886
 37  0.453744384522878  0.094582050138872 -0.016574609377665
 38  0.011505425195945 -0.009248880597628  0.004705549041859
 39  0.790853187051796 -0.079869648936237  0.101350039120812
 40  0.433139359841928 -0.664512549620778  0.113635914539326
 41 -0.249023318628253  0.376828005887873  0.103510985063689
 42  0.133333832597935  0.775608442802780  0.150842259525517
 43 -0.396857959440820  0.013526519874434  0.167274565413891
 44  0.140886860926774  0.379384576725577  0.180142315260609
 45 -0.755676646114219  0.193837708434897  0.182974052879757
 46 -0.210558080863824 -0.740976866460812  0.220722297474081
 47  0.213230038704562 -0.332140445158484  0.219754510856510
 48  0.712720724049461  0.290090078066638  0.223554626073082
 49 -0.183382457275499 -0.314348668814899  0.236808122492679
 50  0.461011475866029  0.592200130031545  0.280833010579985
 51  0.628284056701168 -0.383849160847248  0.316257364393239
 52  0.279827170951205  0.041694795405020  0.336890670227481
 53 -0.510575160966403 -0.512078138555700  0.345237222411535
 54 -0.209379210178642  0.696741660553301  0.335873725550790
 55 -0.703697020797212 -0.164785586897787  0.346057752395248
 56 -0.536301452199882  0.472401999451557  0.362376679717997
 57  0.145952246568058 -0.686067946784316  0.387438341982129
 58 -0.099480385061345  0.144283845196564  0.396136849492360
 59  0.650398317580759 -0.017146928736746  0.467747545203591
 60  0.135938172171771  0.603689819682527  0.509096424736264
 61 -0.179569684749041 -0.540977823471698  0.563202874239758
 62 -0.553162178538099  0.130856487914876  0.564790172122833
 63  0.014037095131090 -0.194040842742780  0.570948268353766
 64  0.464701009664826  0.319118281656973  0.569487707198112
 65  0.345670826177427 -0.411725205248253  0.594216953226437
 66 -0.434609671033289 -0.243160190108643  0.627763737811954
 67 -0.244904380444040  0.431246792241758  0.629402735409917
 68  0.345617438813941 -0.035478325499243  0.722073098605281
 69  0.108503461758982  0.282789382768800  0.741860444086709
 70 -0.219366863766269  0.059838782800373  0.768373121520588

          71  0.197222124167297
  1  0.158672088051562 -0.038239956998073 -0.786010936367051
  2 -0.250289845701068 -0.099776758809478 -0.756208905969028
  3 -0.158978074604203  0.283315727413196 -0.734105229733404
  4  0.008041164229087 -0.392548696740718 -0.700209381750537
  5  0.229275260920503  0.338047263397089 -0.691092772618871
  6  0.388208931583374 -0.316916367209504 -0.627144448719823
  7  0.503131200462851  0.062599090232419 -0.622408761947763
  8 -0.510547158873601  0.274272890963659 -0.555489241817514
  9 -0.581208389912438 -0.113555746820197 -0.541990975742182
 10 -0.430005546073037 -0.475101697560302 -0.481845142874427
 11 -0.264856759103713  0.576281903573749 -0.492140612728679
 12  0.122930113779626  0.643000418720632 -0.464640685452411
 13  0.134599922697240 -0.658958215021247 -0.438302691746664
 14  0.052085902888348  0.065921365412024 -0.420804051039875
 15  0.481086758212821  0.482768238603369 -0.424196507287062
 16  0.675992010346025 -0.199906507032116 -0.384089193184374
 17 -0.112896838219149 -0.283359076257827 -0.340990936529698
 18  0.493906790011020 -0.544386946439344 -0.322724732944220
 19  0.715667964029533  0.185962295006319 -0.312553528254391
 20 -0.320863326831225  0.048434748342237 -0.293566653552833
 21 -0.210095939183209 -0.729827914703980 -0.260121566164795
 22 -0.743827411750066  0.144775985470110 -0.264977382972246
 23 -0.578374249604192  0.502015480092141 -0.240657439255686
 24  0.377532256569452 -0.008861737938292 -0.210855430246086
 25 -0.736757203070472 -0.244884145542508 -0.204139405583915
 26  0.183449459895940  0.361496746862869 -0.195049594129841
 27 -0.106601251753706  0.776629810929047 -0.173016264632304
 28 -0.206439348135813  0.395971811889343 -0.146218740079938
 29  0.203588032856419 -0.368745751397642 -0.121599249684728
 30 -0.544685504893876 -0.578086893388390 -0.116557120664185
 31  0.316142923341711  0.726936542382388 -0.124643526889436
 32  0.256097935924651 -0.757019595325085 -0.076075603418156
 33  0.629211911123510  0.495059544210373 -0.058828024894411
 34  0.769426936213350 -0.228977304896699 -0.001975246325680
 35  0.003809741305811  0.000328290957207  0.001200053001757
 36 -0.201830214235466 -0.423682112562771  0.016761163613328
 37 -0.422355546676380 -0.099231623318574  0.057830894867297
 38  0.569268406704748 -0.562392553511257  0.064034481409527
 39 -0.409375297890157  0.687617784019678  0.063607912272543
 40  0.783571716725605  0.157630994440051  0.074967674807148
 41 -0.089769277127669 -0.790029621588653  0.110666127712704
 42 -0.795608242694883  0.019149747571864  0.105323925346322
 43  0.396030075321053  0.223625999729033  0.107253902499758
 44 -0.683602741360878  0.398938722444818  0.127556249456449
 45  0.409845854995989 -0.168420226089222  0.148426054470233
 46 -0.698061909296950 -0.357182248431932  0.171996308449548
 47  0.069779358407790  0.779269070897716  0.179785634044737
 48 -0.322361258606348  0.253666005304639  0.202919388931177
 49  0.049227153642038  0.385980964402781  0.201884063536175
 50  0.427938729475786  0.630683879947162  0.252108320600300
 51 -0.425374953653357 -0.623739731719008  0.272868491779410
 52  0.081361776081680 -0.343237730424407  0.279282140007282
 53  0.274229660786520 -0.686471073719858  0.312237901031298
 54 -0.191285985068430 -0.075326786941735  0.376612452584098
 55  0.183421437015125  0.047275773657478  0.388828838896319
 56  0.696713645390497 -0.056237112394787  0.394816161577315
 57 -0.224281724597870  0.652621343445453  0.410165098487570
 58  0.536935667256995 -0.415286678746704  0.428589992427819
 59  0.593253359781723  0.322345951398856  0.434276244631144
 60 -0.087522149891643 -0.640678039511343  0.475735053252031
 61 -0.648968464964467  0.037855244132472  0.471019351937687
 62 -0.514829792882560 -0.329802168091267  0.520224117289140
 63  0.147252288625393  0.588313873014011  0.525980862998168
 64 -0.444147700547154  0.362450296856294  0.561974127815441
 65  0.205804618234436 -0.435920019489073  0.641927187185967
 66  0.422759496011988 -0.108049898554478  0.673833767245691
 67  0.301907128477365  0.266864850919911  0.694325251625281
 68 -0.169119688182124 -0.334081174062334  0.710099019949175
 69 -0.085016427779845  0.337860790260636  0.723238972496974
 70 -0.327149397194110  0.026621203217078  0.732609651438794
 71  0.058065245825326 -0.024505594857269  0.800300081828311

          72  0.196285910453337
  1  0.053690381958520 -0.055177397423217 -0.800018209439366
  2  0.043628448067558  0.331152444130930 -0.731020488769739
  3 -0.328606904501370 -0.104896330406206 -0.725927406781944
  4  0.381170027003335  0.134012194750323 -0.694770811065274
  5 -0.073602172448708 -0.409186346263822 -0.687826692614850
  6  0.357524789670290 -0.266283388985183 -0.668749220005228
  7 -0.344577986768024  0.283141631319187 -0.668620344728324
  8  0.344164299092740  0.490837308386305 -0.535337285887981
  9 -0.156784188934875  0.593574406966148 -0.518694977063244
 10 -0.620906913470252  0.055716425874742 -0.507273715491360
 11  0.218101110231535 -0.591431439887186 -0.498595121681472
 12 -0.546518763425022 -0.329295833894577 -0.488710377155919
 13  0.640252358586734 -0.069080459746894 -0.480896189568084
 14 -0.083418450468412  0.079578746125669 -0.457739690662130
 15 -0.285142090818307 -0.616254606980361 -0.429977385743291
 16  0.558449482936055 -0.438568316977055 -0.376494812830384
 17 -0.508818642503442  0.496940766831650 -0.374312437727557
 18  0.646564779506102  0.306303590084342 -0.366180876534381
 19  0.116279783745092 -0.241589721126459 -0.352458802249702
 20  0.275211551306526  0.155740121611257 -0.317393899752038
 21  0.140003429256017  0.731569380697265 -0.301929824228405
 22 -0.258230872691228 -0.248059869264867 -0.234932039473359
 23  0.007992632260151 -0.772714032823541 -0.220919621226710
 24 -0.760265548225265 -0.156926732769161 -0.208150509151320
 25 -0.024523538371292  0.386539652141087 -0.212498297875581
 26 -0.358497153531777  0.180817898565844 -0.196598013206855
 27 -0.747077479984864  0.234498436764670 -0.181223775537140
 28  0.491369180483364  0.611645073589551 -0.174364307751364
 29 -0.272578647977515  0.736301907638534 -0.171804304982228
 30 -0.573823665168157 -0.539943575248976 -0.158566619390854
 31  0.382838932618202 -0.693621432532384 -0.135203541888884
 32  0.432204146191132 -0.155055846209121 -0.136088008761216
 33  0.793807472782355 -0.002578590799158 -0.125775135699392
 34  0.161026716080552 -0.401514232916540  0.004744159404232
 35  0.685697335169466 -0.419218652858483  0.005587169192511
 36 -0.592682568711251  0.542809528397864  0.006444089768653
 37 -0.008561414495667  0.011975144369518  0.012550220385577
 38 -0.295963027763581 -0.746778149739899  0.026165225087651
 39  0.720391219518524  0.355993422094524  0.016171332717606
 40  0.320132203165825  0.325295095332033  0.033812422077547
 41 -0.475315093419988 -0.096863844806089  0.055114229022602
 42  0.046239096646190  0.799031156826144  0.073263183784476
 43 -0.208826600893389 -0.374265771337305  0.133502381801569
 44  0.071093440636473 -0.783077312650008  0.166409082826418
 45 -0.030217831207700  0.428435527880335  0.177789986851386
 46 -0.385672595468308  0.262037286795090  0.186517558000064
 47 -0.762529003949031  0.153247256677417  0.202536740427233
 48  0.392339549772347  0.670343965898387  0.206555035774667
 49  0.372680501363261 -0.013425889510528  0.225174396758574
 50 -0.307461817455233  0.709762655728036  0.218312942989715
 51 -0.553020650251664 -0.534454554770452  0.233415567210425
 52  0.448329967181297 -0.620471182952666  0.244891981238891
 53  0.758277895673165  0.050639276186374  0.261546619891402
 54  0.087085910354694 -0.247609783995776  0.358239297165687
 55 -0.685749922183253 -0.192187240066294  0.372515028847405
 56  0.640102756640347 -0.305017564029321  0.378403326356441
 57 -0.260994834691003 -0.067741244124853  0.382728843162272
 58  0.591512825540604  0.383540447040632  0.385960672142465
 59 -0.218738222917130 -0.661051631801088  0.401398390211015
 60  0.070148254731983  0.139138173902788  0.423444875556498
 61  0.155483853258299 -0.604875704264978  0.505872010988668
 62  0.088772489987048  0.627113026899908  0.494777724697133
 63 -0.393461104819826  0.471655454999707  0.518349137646433
 64 -0.550191997288315  0.116095640980869  0.574253346530045
 65 -0.407951211113910 -0.370291499624493  0.585163526197898
 66  0.544118486680323  0.037799597180606  0.590307208698589
 67  0.358889062338029 -0.302726518331501  0.652312527680434
 68  0.309465295494025  0.345513030061225  0.656359897219907
 69 -0.078084252685446  0.351192168320042  0.718695518372727
 70 -0.024543629286441 -0.336927244527053  0.729269447498793
 71 -0.232283531727178 -0.006250474749272  0.769390427669579
 72  0.159629980830461  0.007252764200857  0.787668714858812
